"ad_opportunity_id","visitor_id","publisher_id","ad_unit_id","request_headers","client_ip","device_type","os_name","browser","geo_country_code","geo_country_name","geo_region","geo_city","created_at"
"d68d23d3-e644-4cf8-a5ea-9dd8c507a557","e3c85e56-b703-437d-b87b-7854953ae222","6978d5c12de038ea7a6a3303","6978dedc5fcdebaf2551d57f","{""accept-encoding"":""gzip"",""connection"":""Keep-Alive"",""content-length"":""2864"",""content-type"":""application\/json; charset=utf-8"",""host"":""api.withgrowl.com"",""user-agent"":""okhttp\/5.2.1""}","15.218.156.247","unknown","unknown","okhttp","US","United States","Washington","Moses Lake","2026-02-21 20:14:46"
"b324b3de-40a3-4d67-a0a3-cc058aabf2e3","1a04235e-c380-451c-a374-620e0760a6cf","6978d5c12de038ea7a6a3303","6978dedc5fcdebaf2551d57f","{""accept-encoding"":""gzip"",""connection"":""Keep-Alive"",""content-length"":""968"",""content-type"":""application\/json; charset=utf-8"",""host"":""api.withgrowl.com"",""user-agent"":""okhttp\/5.2.1""}","51.210.178.214","unknown","unknown","okhttp","FR","France","unknown","unknown","2026-02-21 22:04:34"
"127c7f61-a8d6-4aca-b550-f69d77073070","1a04235e-c380-451c-a374-620e0760a6cf","6978d5c12de038ea7a6a3303","6978dedc5fcdebaf2551d57f","{""accept-encoding"":""gzip"",""connection"":""Keep-Alive"",""content-length"":""661"",""content-type"":""application\/json; charset=utf-8"",""host"":""api.withgrowl.com"",""user-agent"":""okhttp\/5.2.1""}","185.225.43.210","unknown","unknown","okhttp","SY","Syria","unknown","unknown","2026-02-21 22:35:22"
"43aaa238-de66-4260-b3d6-880c0ce4b104","1a04235e-c380-451c-a374-620e0760a6cf","6978d5c12de038ea7a6a3303","6978dedc5fcdebaf2551d57f","{""accept-encoding"":""gzip"",""connection"":""Keep-Alive"",""content-length"":""2691"",""content-type"":""application\/json; charset=utf-8"",""host"":""api.withgrowl.com"",""user-agent"":""okhttp\/5.2.1""}","185.225.43.210","unknown","unknown","okhttp","SY","Syria","unknown","unknown","2026-02-21 22:36:36"
"af213978-2ddb-42a8-a8b6-0f169a40f72d","1a04235e-c380-451c-a374-620e0760a6cf","6978d5c12de038ea7a6a3303","6978dedc5fcdebaf2551d57f","{""accept-encoding"":""gzip"",""connection"":""Keep-Alive"",""content-length"":""3748"",""content-type"":""application\/json; charset=utf-8"",""host"":""api.withgrowl.com"",""user-agent"":""okhttp\/5.2.1""}","185.225.43.210","unknown","unknown","okhttp","SY","Syria","unknown","unknown","2026-02-21 22:37:18"
"02f6579d-c308-49e3-83f6-497014441634","64709742-f0be-494e-9ea0-d2dd34c5d5fd","6978d5c12de038ea7a6a3303","6978dedc5fcdebaf2551d57f","{""accept-encoding"":""gzip"",""connection"":""Keep-Alive"",""content-length"":""475"",""content-type"":""application\/json; charset=utf-8"",""host"":""api.withgrowl.com"",""user-agent"":""okhttp\/5.2.1""}","172.56.216.253","unknown","unknown","okhttp","US","United States","Pennsylvania","Philadelphia","2026-02-06 01:20:34"
"5598d6ad-0063-43a4-af84-cd8002a0941d","b3bc63af-d1ac-46e0-9d58-82051ed194ee","6978d5c12de038ea7a6a3303","6978dedc5fcdebaf2551d57f","{""accept-encoding"":""gzip"",""connection"":""Keep-Alive"",""content-length"":""472"",""content-type"":""application\/json; charset=utf-8"",""host"":""api.withgrowl.com"",""user-agent"":""okhttp\/5.2.1""}","172.56.77.52","unknown","unknown","okhttp","US","United States","Florida","Orlando","2026-02-06 02:21:33"
"86b2bf09-f5e8-4829-8d42-e5be34f7514d","a5283748-dca4-4f6c-94ff-39f443262505","6978d5c12de038ea7a6a3303","6978dedc5fcdebaf2551d57f","{""accept-encoding"":""gzip"",""connection"":""Keep-Alive"",""content-length"":""1211"",""content-type"":""application\/json; charset=utf-8"",""host"":""api.withgrowl.com"",""user-agent"":""okhttp\/5.2.1""}","97.80.242.189","unknown","unknown","okhttp","US","United States","South Carolina","Greenville","2026-02-06 22:53:36"
"89a43a59-6144-4016-87da-c76a0581b710","3ead5bb4-cb47-40b1-b6f9-17ddae18b4ea","6978d5c12de038ea7a6a3303","6978dedc5fcdebaf2551d57f","{""accept-encoding"":""gzip"",""connection"":""Keep-Alive"",""content-length"":""686"",""content-type"":""application\/json; charset=utf-8"",""host"":""api.withgrowl.com"",""user-agent"":""okhttp\/5.2.1""}","209.249.241.138","unknown","unknown","okhttp","US","United States","Washington","Tacoma","2026-01-27 19:02:17"
"cd64b711-423d-4673-805e-97ecdd048649","3ead5bb4-cb47-40b1-b6f9-17ddae18b4ea","6978d5c12de038ea7a6a3303","6978dedc5fcdebaf2551d57f","{""accept-encoding"":""gzip"",""connection"":""Keep-Alive"",""content-length"":""790"",""content-type"":""application\/json; charset=utf-8"",""host"":""api.withgrowl.com"",""user-agent"":""okhttp\/5.2.1""}","209.249.241.138","unknown","unknown","okhttp","US","United States","Washington","Tacoma","2026-01-27 19:05:16"
"7dd01427-657f-4e8d-a118-cbbcd1ae3e79","36d4e150-960d-4f0c-bc20-5680c84db9ec","6978d5c12de038ea7a6a3303","6978dedc5fcdebaf2551d57f","{""accept-encoding"":""gzip"",""connection"":""Keep-Alive"",""content-length"":""3848"",""content-type"":""application\/json; charset=utf-8"",""host"":""api.withgrowl.com"",""user-agent"":""okhttp\/5.2.1""}","82.168.55.77","unknown","unknown","okhttp","NL","The Netherlands","Overijssel","Enschede","2026-01-27 21:17:17"
"653dda2a-e92c-4dac-ba7d-6d31c57ef710","36d4e150-960d-4f0c-bc20-5680c84db9ec","6978d5c12de038ea7a6a3303","6978dedc5fcdebaf2551d57f","{""accept-encoding"":""gzip"",""connection"":""Keep-Alive"",""content-length"":""1660"",""content-type"":""application\/json; charset=utf-8"",""host"":""api.withgrowl.com"",""user-agent"":""okhttp\/5.2.1""}","82.168.55.77","unknown","unknown","okhttp","NL","The Netherlands","Overijssel","Enschede","2026-01-27 21:19:31"
"b3717419-3ede-4836-8f23-0732a3f02ae6","36d4e150-960d-4f0c-bc20-5680c84db9ec","6978d5c12de038ea7a6a3303","6978dedc5fcdebaf2551d57f","{""accept-encoding"":""gzip"",""connection"":""Keep-Alive"",""content-length"":""739"",""content-type"":""application\/json; charset=utf-8"",""host"":""api.withgrowl.com"",""user-agent"":""okhttp\/5.2.1""}","82.168.55.77","unknown","unknown","okhttp","NL","The Netherlands","Overijssel","Enschede","2026-01-27 21:43:31"
"2084e6ce-832f-4861-9baa-36f30221fc52","36d4e150-960d-4f0c-bc20-5680c84db9ec","6978d5c12de038ea7a6a3303","6978dedc5fcdebaf2551d57f","{""accept-encoding"":""gzip"",""connection"":""Keep-Alive"",""content-length"":""768"",""content-type"":""application\/json; charset=utf-8"",""host"":""api.withgrowl.com"",""user-agent"":""okhttp\/5.2.1""}","82.168.55.77","unknown","unknown","okhttp","NL","The Netherlands","Overijssel","Enschede","2026-01-28 08:06:20"
"f0df0389-fc37-494b-8c74-69064a700055","36d4e150-960d-4f0c-bc20-5680c84db9ec","6978d5c12de038ea7a6a3303","6978dedc5fcdebaf2551d57f","{""accept-encoding"":""gzip"",""connection"":""Keep-Alive"",""content-length"":""1233"",""content-type"":""application\/json; charset=utf-8"",""host"":""api.withgrowl.com"",""user-agent"":""okhttp\/5.2.1""}","82.168.55.77","unknown","unknown","okhttp","NL","The Netherlands","Overijssel","Enschede","2026-01-28 08:07:14"
"b1883009-d15f-46ac-963e-f10900b52e1f","36d4e150-960d-4f0c-bc20-5680c84db9ec","6978d5c12de038ea7a6a3303","6978dedc5fcdebaf2551d57f","{""accept-encoding"":""gzip"",""connection"":""Keep-Alive"",""content-length"":""378"",""content-type"":""application\/json; charset=utf-8"",""host"":""api.withgrowl.com"",""user-agent"":""okhttp\/5.2.1""}","82.168.55.77","unknown","unknown","okhttp","NL","The Netherlands","Overijssel","Enschede","2026-01-28 08:15:07"
"de37e779-bfc0-4162-9739-2fbabbe0d9a2","36d4e150-960d-4f0c-bc20-5680c84db9ec","6978d5c12de038ea7a6a3303","6978dedc5fcdebaf2551d57f","{""accept-encoding"":""gzip"",""connection"":""Keep-Alive"",""content-length"":""378"",""content-type"":""application\/json; charset=utf-8"",""host"":""api.withgrowl.com"",""user-agent"":""okhttp\/5.2.1""}","82.168.55.77","unknown","unknown","okhttp","NL","The Netherlands","Overijssel","Enschede","2026-01-28 08:20:45"
"766ae45e-9966-4de3-9e54-53f1d84857ae","36d4e150-960d-4f0c-bc20-5680c84db9ec","6978d5c12de038ea7a6a3303","6978dedc5fcdebaf2551d57f","{""accept-encoding"":""gzip"",""connection"":""Keep-Alive"",""content-length"":""378"",""content-type"":""application\/json; charset=utf-8"",""host"":""api.withgrowl.com"",""user-agent"":""okhttp\/5.2.1""}","82.168.55.77","unknown","unknown","okhttp","NL","The Netherlands","Overijssel","Enschede","2026-01-28 13:44:08"
"9ab327e9-41c4-4157-b0b0-3e0ad3e7acb4","36d4e150-960d-4f0c-bc20-5680c84db9ec","6978d5c12de038ea7a6a3303","6978dedc5fcdebaf2551d57f","{""accept-encoding"":""gzip"",""connection"":""Keep-Alive"",""content-length"":""1968"",""content-type"":""application\/json; charset=utf-8"",""host"":""api.withgrowl.com"",""user-agent"":""okhttp\/5.2.1""}","82.168.55.77","unknown","unknown","okhttp","NL","The Netherlands","Overijssel","Enschede","2026-01-28 13:46:35"
"b068525c-7d0a-4b4d-9870-def34fe2354c","36d4e150-960d-4f0c-bc20-5680c84db9ec","6978d5c12de038ea7a6a3303","6978dedc5fcdebaf2551d57f","{""accept-encoding"":""gzip"",""connection"":""Keep-Alive"",""content-length"":""1708"",""content-type"":""application\/json; charset=utf-8"",""host"":""api.withgrowl.com"",""user-agent"":""okhttp\/5.2.1""}","82.168.55.77","unknown","unknown","okhttp","NL","The Netherlands","Overijssel","Enschede","2026-01-28 13:55:48"
"ecefaca1-7481-4c54-812c-83eae7832b2f","36d4e150-960d-4f0c-bc20-5680c84db9ec","6978d5c12de038ea7a6a3303","6978dedc5fcdebaf2551d57f","{""accept-encoding"":""gzip"",""connection"":""Keep-Alive"",""content-length"":""2083"",""content-type"":""application\/json; charset=utf-8"",""host"":""api.withgrowl.com"",""user-agent"":""okhttp\/5.2.1""}","82.168.55.77","unknown","unknown","okhttp","NL","The Netherlands","Overijssel","Enschede","2026-01-28 14:16:42"
"4400ffd0-eaeb-4a04-8204-223dc988fc51","36d4e150-960d-4f0c-bc20-5680c84db9ec","6978d5c12de038ea7a6a3303","6978dedc5fcdebaf2551d57f","{""accept-encoding"":""gzip"",""connection"":""Keep-Alive"",""content-length"":""1521"",""content-type"":""application\/json; charset=utf-8"",""host"":""api.withgrowl.com"",""user-agent"":""okhttp\/5.2.1""}","82.168.55.77","unknown","unknown","okhttp","NL","The Netherlands","Overijssel","Enschede","2026-01-28 14:21:01"
"e2e87d4d-9577-4eb3-8948-b62bc9408c88","36d4e150-960d-4f0c-bc20-5680c84db9ec","6978d5c12de038ea7a6a3303","6978dedc5fcdebaf2551d57f","{""accept-encoding"":""gzip"",""connection"":""Keep-Alive"",""content-length"":""1404"",""content-type"":""application\/json; charset=utf-8"",""host"":""api.withgrowl.com"",""user-agent"":""okhttp\/5.2.1""}","82.168.55.77","unknown","unknown","okhttp","NL","The Netherlands","Overijssel","Enschede","2026-01-28 14:43:19"
"0ce40420-7ca3-4e48-9c2e-07c03bb0da9e","36d4e150-960d-4f0c-bc20-5680c84db9ec","6978d5c12de038ea7a6a3303","6978dedc5fcdebaf2551d57f","{""accept-encoding"":""gzip"",""connection"":""Keep-Alive"",""content-length"":""1117"",""content-type"":""application\/json; charset=utf-8"",""host"":""api.withgrowl.com"",""user-agent"":""okhttp\/5.2.1""}","82.168.55.77","unknown","unknown","okhttp","NL","The Netherlands","Overijssel","Enschede","2026-01-28 15:20:22"
"1ed5e655-8f13-4733-ba4a-041b3d7acc64","36d4e150-960d-4f0c-bc20-5680c84db9ec","6978d5c12de038ea7a6a3303","6978dedc5fcdebaf2551d57f","{""accept-encoding"":""gzip"",""connection"":""Keep-Alive"",""content-length"":""1110"",""content-type"":""application\/json; charset=utf-8"",""host"":""api.withgrowl.com"",""user-agent"":""okhttp\/5.2.1""}","82.168.55.77","unknown","unknown","okhttp","NL","The Netherlands","Overijssel","Enschede","2026-01-28 15:26:04"
"b58779a6-62d8-41da-bd27-fedcdfd3f673","36d4e150-960d-4f0c-bc20-5680c84db9ec","6978d5c12de038ea7a6a3303","6978dedc5fcdebaf2551d57f","{""accept-encoding"":""gzip"",""connection"":""Keep-Alive"",""content-length"":""466"",""content-type"":""application\/json; charset=utf-8"",""host"":""api.withgrowl.com"",""user-agent"":""okhttp\/5.2.1""}","82.168.55.77","unknown","unknown","okhttp","NL","The Netherlands","Overijssel","Enschede","2026-01-28 15:32:56"
"64d9b1bc-3e36-41ca-baf1-fb23698b38e1","36d4e150-960d-4f0c-bc20-5680c84db9ec","6978d5c12de038ea7a6a3303","6978dedc5fcdebaf2551d57f","{""accept-encoding"":""gzip"",""connection"":""Keep-Alive"",""content-length"":""848"",""content-type"":""application\/json; charset=utf-8"",""host"":""api.withgrowl.com"",""user-agent"":""okhttp\/5.2.1""}","82.168.55.77","unknown","unknown","okhttp","NL","The Netherlands","Overijssel","Enschede","2026-01-28 15:33:30"
"b7552b37-5e54-4d54-b6da-0a4c955edcef","36d4e150-960d-4f0c-bc20-5680c84db9ec","6978d5c12de038ea7a6a3303","6978dedc5fcdebaf2551d57f","{""accept-encoding"":""gzip"",""connection"":""Keep-Alive"",""content-length"":""628"",""content-type"":""application\/json; charset=utf-8"",""host"":""api.withgrowl.com"",""user-agent"":""okhttp\/5.2.1""}","82.168.55.77","unknown","unknown","okhttp","NL","The Netherlands","Overijssel","Enschede","2026-01-28 18:04:53"
"edbdd380-465c-4d91-b5c8-174a5e8e0c34","36d4e150-960d-4f0c-bc20-5680c84db9ec","6978d5c12de038ea7a6a3303","6978dedc5fcdebaf2551d57f","{""accept-encoding"":""gzip"",""connection"":""Keep-Alive"",""content-length"":""438"",""content-type"":""application\/json; charset=utf-8"",""host"":""api.withgrowl.com"",""user-agent"":""okhttp\/5.2.1""}","82.168.55.77","unknown","unknown","okhttp","NL","The Netherlands","Overijssel","Enschede","2026-01-28 19:07:18"
"79d2d433-07d6-473c-beec-f92a06a12033","36d4e150-960d-4f0c-bc20-5680c84db9ec","6978d5c12de038ea7a6a3303","6978dedc5fcdebaf2551d57f","{""accept-encoding"":""gzip"",""connection"":""Keep-Alive"",""content-length"":""649"",""content-type"":""application\/json; charset=utf-8"",""host"":""api.withgrowl.com"",""user-agent"":""okhttp\/5.2.1""}","82.168.55.77","unknown","unknown","okhttp","NL","The Netherlands","Overijssel","Enschede","2026-01-28 21:15:46"
"5a446a0f-fc1f-4db0-a841-f116b046013a","36d4e150-960d-4f0c-bc20-5680c84db9ec","6978d5c12de038ea7a6a3303","6978dedc5fcdebaf2551d57f","{""accept-encoding"":""gzip"",""connection"":""Keep-Alive"",""content-length"":""707"",""content-type"":""application\/json; charset=utf-8"",""host"":""api.withgrowl.com"",""user-agent"":""okhttp\/5.2.1""}","82.168.55.77","unknown","unknown","okhttp","NL","The Netherlands","Overijssel","Enschede","2026-01-29 12:20:41"
"1a576b1b-5d3e-4af4-8927-b49a530e53e4","36d4e150-960d-4f0c-bc20-5680c84db9ec","6978d5c12de038ea7a6a3303","6978dedc5fcdebaf2551d57f","{""accept-encoding"":""gzip"",""connection"":""Keep-Alive"",""content-length"":""714"",""content-type"":""application\/json; charset=utf-8"",""host"":""api.withgrowl.com"",""user-agent"":""okhttp\/5.2.1""}","82.168.55.77","unknown","unknown","okhttp","NL","The Netherlands","Overijssel","Enschede","2026-01-29 12:21:28"
"dcf76c07-8d39-4def-90bf-c745d819f129","a1013dca-7d78-498e-ae0c-0478ca48df3a","6978d5c12de038ea7a6a3303","6978dedc5fcdebaf2551d57f","{""accept-encoding"":""gzip"",""connection"":""Keep-Alive"",""content-length"":""1495"",""content-type"":""application\/json; charset=utf-8"",""host"":""api.withgrowl.com"",""user-agent"":""okhttp\/5.2.1""}","37.182.178.170","unknown","unknown","okhttp","IT","Italy","Provincia di Lecce","Lecce","2026-01-29 14:41:03"
"94d0cebe-8663-4515-9773-8e92b806eea3","a1013dca-7d78-498e-ae0c-0478ca48df3a","6978d5c12de038ea7a6a3303","6978dedc5fcdebaf2551d57f","{""accept-encoding"":""gzip"",""connection"":""Keep-Alive"",""content-length"":""2081"",""content-type"":""application\/json; charset=utf-8"",""host"":""api.withgrowl.com"",""user-agent"":""okhttp\/5.2.1""}","37.182.178.170","unknown","unknown","okhttp","IT","Italy","Provincia di Lecce","Lecce","2026-01-29 14:49:47"
"7d4f5ed3-146e-4ac8-9c59-51a40ca2cb6a","a1013dca-7d78-498e-ae0c-0478ca48df3a","6978d5c12de038ea7a6a3303","6978dedc5fcdebaf2551d57f","{""accept-encoding"":""gzip"",""connection"":""Keep-Alive"",""content-length"":""3621"",""content-type"":""application\/json; charset=utf-8"",""host"":""api.withgrowl.com"",""user-agent"":""okhttp\/5.2.1""}","37.182.178.170","unknown","unknown","okhttp","IT","Italy","Provincia di Lecce","Lecce","2026-01-29 14:52:31"
"ee2d6c31-78df-4d32-a033-6b57339d81d6","a1013dca-7d78-498e-ae0c-0478ca48df3a","6978d5c12de038ea7a6a3303","6978dedc5fcdebaf2551d57f","{""accept-encoding"":""gzip"",""connection"":""Keep-Alive"",""content-length"":""7507"",""content-type"":""application\/json; charset=utf-8"",""host"":""api.withgrowl.com"",""user-agent"":""okhttp\/5.2.1""}","37.182.178.170","unknown","unknown","okhttp","IT","Italy","Provincia di Lecce","Lecce","2026-01-29 15:06:15"
"491419e0-cecf-48a1-b2b9-a6183412ab2e","739b9f1c-9320-4579-8db2-ab0e2108ad7e","6978d5c12de038ea7a6a3303","6978dedc5fcdebaf2551d57f","{""accept-encoding"":""gzip"",""connection"":""Keep-Alive"",""content-length"":""5911"",""content-type"":""application\/json; charset=utf-8"",""host"":""api.withgrowl.com"",""user-agent"":""okhttp\/5.2.1""}","73.16.165.208","unknown","unknown","okhttp","US","United States","Massachusetts","Bellingham","2026-01-29 20:45:18"
"5b52f67d-0d4c-4df7-9783-b8b180352110","e99567ac-0511-498f-ba1f-5650e51bf397","6978d5c12de038ea7a6a3303","6978dedc5fcdebaf2551d57f","{""accept-encoding"":""gzip"",""connection"":""Keep-Alive"",""content-length"":""622"",""content-type"":""application\/json; charset=utf-8"",""host"":""api.withgrowl.com"",""user-agent"":""okhttp\/5.2.1""}","32.212.25.214","unknown","unknown","okhttp","US","United States","Connecticut","New Haven","2026-01-29 21:04:53"
"8a99876a-b0a4-4543-bb36-99d60667bcf4","8877513f-9479-4abe-8aa2-b2d6491d0dc6","6978d5c12de038ea7a6a3303","6978dedc5fcdebaf2551d57f","{""accept-encoding"":""gzip"",""connection"":""Keep-Alive"",""content-length"":""488"",""content-type"":""application\/json; charset=utf-8"",""host"":""api.withgrowl.com"",""user-agent"":""okhttp\/5.2.1""}","223.238.113.187","unknown","unknown","okhttp","IN","India","Assam","Guwahati","2026-01-30 13:59:46"
"0a88d33b-2e7b-4ef2-b159-f2cddbb4d195","8877513f-9479-4abe-8aa2-b2d6491d0dc6","6978d5c12de038ea7a6a3303","6978dedc5fcdebaf2551d57f","{""accept-encoding"":""gzip"",""connection"":""Keep-Alive"",""content-length"":""738"",""content-type"":""application\/json; charset=utf-8"",""host"":""api.withgrowl.com"",""user-agent"":""okhttp\/5.2.1""}","223.238.113.187","unknown","unknown","okhttp","IN","India","Assam","Guwahati","2026-01-30 14:00:27"
"75e853d2-bb6c-4f7c-a010-9506c707480d","8ba7eab1-6e7d-44e7-82ae-0ab55d4f561d","6978d5c12de038ea7a6a3303","6978dedc5fcdebaf2551d57f","{""accept-encoding"":""gzip"",""connection"":""Keep-Alive"",""content-length"":""2309"",""content-type"":""application\/json; charset=utf-8"",""host"":""api.withgrowl.com"",""user-agent"":""okhttp\/5.2.1""}","151.18.255.101","unknown","unknown","okhttp","IT","Italy","unknown","unknown","2026-01-30 23:54:51"
"8f78c6c9-e1e1-4a82-9eab-28bccc4cc61d","anon_2b5c73d7-3bfd-4db0-aed8-85a05911d31e","6978d5c12de038ea7a6a3303","6978dedc5fcdebaf2551d57f","{""accept-encoding"":""gzip"",""connection"":""Keep-Alive"",""content-length"":""1032"",""content-type"":""application\/json; charset=utf-8"",""host"":""api.withgrowl.com"",""user-agent"":""okhttp\/5.2.1""}","166.198.161.18","unknown","unknown","okhttp","US","United States","Georgia","Conyers","2026-01-31 05:20:53"
"30186d4d-0583-4613-b62a-29e5ea13a35f","739b9f1c-9320-4579-8db2-ab0e2108ad7e","6978d5c12de038ea7a6a3303","6978dedc5fcdebaf2551d57f","{""accept-encoding"":""gzip"",""connection"":""Keep-Alive"",""content-length"":""2613"",""content-type"":""application\/json; charset=utf-8"",""host"":""api.withgrowl.com"",""user-agent"":""okhttp\/5.2.1""}","73.16.165.208","unknown","unknown","okhttp","US","United States","Massachusetts","Bellingham","2026-01-31 11:26:19"
"27215ab1-500c-4806-bb06-f977b229b53c","b3bc63af-d1ac-46e0-9d58-82051ed194ee","6978d5c12de038ea7a6a3303","6978dedc5fcdebaf2551d57f","{""accept-encoding"":""gzip"",""connection"":""Keep-Alive"",""content-length"":""845"",""content-type"":""application\/json; charset=utf-8"",""host"":""api.withgrowl.com"",""user-agent"":""okhttp\/5.2.1""}","172.56.79.211","unknown","unknown","okhttp","US","United States","Florida","Orlando","2026-01-31 20:10:01"
"fae4ddf4-19ad-4969-81d5-b57927c16db5","anon_ecf002a7-3777-43ba-aa33-ee49f440057e","6978d5c12de038ea7a6a3303","6978dedc5fcdebaf2551d57f","{""accept-encoding"":""gzip"",""connection"":""Keep-Alive"",""content-length"":""1992"",""content-type"":""application\/json; charset=utf-8"",""host"":""api.withgrowl.com"",""user-agent"":""okhttp\/5.2.1""}","212.194.90.62","unknown","unknown","okhttp","FR","France","Puy-de-Dôme","Clermont-Ferrand","2026-01-31 21:43:07"
"ef83a496-2f74-400f-8dc5-bece249089d5","13343401-a266-4438-bc1e-e51d2a4f8cf2","6978d5c12de038ea7a6a3303","6978dedc5fcdebaf2551d57f","{""accept-encoding"":""gzip"",""connection"":""Keep-Alive"",""content-length"":""1511"",""content-type"":""application\/json; charset=utf-8"",""host"":""api.withgrowl.com"",""user-agent"":""okhttp\/5.2.1""}","151.66.215.97","unknown","unknown","okhttp","IT","Italy","Province of Milan","Paderno Dugnano","2026-02-01 12:33:13"
"a2a66f88-b095-42ec-85cd-3ecabaa218a6","04d9ad82-678c-48e1-8ec0-2908b07611c9","6978d5c12de038ea7a6a3303","6978dedc5fcdebaf2551d57f","{""accept-encoding"":""gzip"",""connection"":""Keep-Alive"",""content-length"":""880"",""content-type"":""application\/json; charset=utf-8"",""host"":""api.withgrowl.com"",""user-agent"":""okhttp\/5.2.1""}","92.206.191.52","unknown","unknown","okhttp","DE","Germany","Saxony","Leipzig","2026-02-01 14:13:24"
"d505128a-02f5-42d4-9154-a853660ace2d","7a820d07-6006-4a1a-bc82-066b14740426","6978d5c12de038ea7a6a3303","6978dedc5fcdebaf2551d57f","{""accept-encoding"":""gzip"",""connection"":""Keep-Alive"",""content-length"":""1167"",""content-type"":""application\/json; charset=utf-8"",""host"":""api.withgrowl.com"",""user-agent"":""okhttp\/5.2.1""}","73.90.142.91","unknown","unknown","okhttp","US","United States","California","Kerman","2026-02-01 20:48:52"
"1d0e0af3-38ab-40d7-8534-19bac2b540c1","b3bc63af-d1ac-46e0-9d58-82051ed194ee","6978d5c12de038ea7a6a3303","6978dedc5fcdebaf2551d57f","{""accept-encoding"":""gzip"",""connection"":""Keep-Alive"",""content-length"":""476"",""content-type"":""application\/json; charset=utf-8"",""host"":""api.withgrowl.com"",""user-agent"":""okhttp\/5.2.1""}","172.56.79.119","unknown","unknown","okhttp","US","United States","Florida","Orlando","2026-02-01 22:51:19"
"3e90860f-9c7a-463f-80b0-a3516c0e30ce","b986a572-bdea-42a3-a024-fc15bbd4f896","6978d5c12de038ea7a6a3303","6978dedc5fcdebaf2551d57f","{""accept-encoding"":""gzip"",""connection"":""Keep-Alive"",""content-length"":""4556"",""content-type"":""application\/json; charset=utf-8"",""host"":""api.withgrowl.com"",""user-agent"":""okhttp\/5.2.1""}","108.147.206.0","unknown","unknown","okhttp","US","United States","Texas","Dallas","2026-02-02 11:33:18"
"719bae15-3bd4-49b3-9c8a-0f223752a0f5","b7db306a-9075-4ee7-a495-692d4f58f0c2","6978d5c12de038ea7a6a3303","6978dedc5fcdebaf2551d57f","{""accept-encoding"":""gzip"",""connection"":""Keep-Alive"",""content-length"":""1393"",""content-type"":""application\/json; charset=utf-8"",""host"":""api.withgrowl.com"",""user-agent"":""okhttp\/5.2.1""}","88.169.9.135","unknown","unknown","okhttp","FR","France","Vaucluse","Valréas","2026-02-02 15:19:26"
"e40c2e4e-58b0-46b6-9a4d-ad2ba7d1d7df","4086486f-b885-4a36-b79c-2dcb1060584c","6978d5c12de038ea7a6a3303","6978dedc5fcdebaf2551d57f","{""accept-encoding"":""gzip"",""connection"":""Keep-Alive"",""content-length"":""4748"",""content-type"":""application\/json; charset=utf-8"",""host"":""api.withgrowl.com"",""user-agent"":""okhttp\/5.2.1""}","93.192.70.197","unknown","unknown","okhttp","DE","Germany","Mecklenburg-Vorpommern","Parchim","2026-02-02 16:02:31"
"edd6601c-222b-4eed-866e-1bb2b43ade50","4086486f-b885-4a36-b79c-2dcb1060584c","6978d5c12de038ea7a6a3303","6978dedc5fcdebaf2551d57f","{""accept-encoding"":""gzip"",""connection"":""Keep-Alive"",""content-length"":""5927"",""content-type"":""application\/json; charset=utf-8"",""host"":""api.withgrowl.com"",""user-agent"":""okhttp\/5.2.1""}","93.192.70.197","unknown","unknown","okhttp","DE","Germany","Mecklenburg-Vorpommern","Parchim","2026-02-02 16:07:44"
"8561c9d4-eac9-45b6-a3f9-71c46b7f2195","fc3197d8-7813-4478-9c58-47aa00f39b86","6978d5c12de038ea7a6a3303","6978dedc5fcdebaf2551d57f","{""accept-encoding"":""gzip"",""connection"":""Keep-Alive"",""content-length"":""952"",""content-type"":""application\/json; charset=utf-8"",""host"":""api.withgrowl.com"",""user-agent"":""okhttp\/5.2.1""}","156.206.40.223","unknown","unknown","okhttp","EG","Egypt","Ismailia Governorate","Ismailia","2026-02-03 19:04:34"
"12631b09-ec41-40a2-a652-52f97e7135eb","fc3197d8-7813-4478-9c58-47aa00f39b86","6978d5c12de038ea7a6a3303","6978dedc5fcdebaf2551d57f","{""accept-encoding"":""gzip"",""connection"":""Keep-Alive"",""content-length"":""1836"",""content-type"":""application\/json; charset=utf-8"",""host"":""api.withgrowl.com"",""user-agent"":""okhttp\/5.2.1""}","156.206.40.223","unknown","unknown","okhttp","EG","Egypt","Ismailia Governorate","Ismailia","2026-02-03 19:05:09"
"48120309-7183-491f-ab4c-3219b3070a6b","c5156b73-9514-4991-b512-dd2096b5f639","6978d5c12de038ea7a6a3303","6978dedc5fcdebaf2551d57f","{""accept-encoding"":""gzip"",""connection"":""Keep-Alive"",""content-length"":""1153"",""content-type"":""application\/json; charset=utf-8"",""host"":""api.withgrowl.com"",""user-agent"":""okhttp\/5.2.1""}","92.253.227.234","unknown","unknown","okhttp","SY","Syria","unknown","unknown","2026-02-03 21:07:56"
"479daba3-de0f-4acf-bbc5-598097c67a38","4086486f-b885-4a36-b79c-2dcb1060584c","6978d5c12de038ea7a6a3303","6978dedc5fcdebaf2551d57f","{""accept-encoding"":""gzip"",""connection"":""Keep-Alive"",""content-length"":""603"",""content-type"":""application\/json; charset=utf-8"",""host"":""api.withgrowl.com"",""user-agent"":""okhttp\/5.2.1""}","79.221.237.11","unknown","unknown","okhttp","DE","Germany","Mecklenburg-Vorpommern","Parchim","2026-02-03 21:54:47"
"2ec39fce-7243-4b84-89e1-d31b77d960ea","c5156b73-9514-4991-b512-dd2096b5f639","6978d5c12de038ea7a6a3303","6978dedc5fcdebaf2551d57f","{""accept-encoding"":""gzip"",""connection"":""Keep-Alive"",""content-length"":""562"",""content-type"":""application\/json; charset=utf-8"",""host"":""api.withgrowl.com"",""user-agent"":""okhttp\/5.2.1""}","92.253.224.15","unknown","unknown","okhttp","SY","Syria","unknown","unknown","2026-02-04 00:52:42"
"5040b0fa-832a-4550-99a1-8fa5c786b967","e458c79a-9452-4b02-9093-79b68e2b1095","6978d5c12de038ea7a6a3303","6978dedc5fcdebaf2551d57f","{""accept-encoding"":""gzip"",""connection"":""Keep-Alive"",""content-length"":""2609"",""content-type"":""application\/json; charset=utf-8"",""host"":""api.withgrowl.com"",""user-agent"":""okhttp\/5.2.1""}","174.215.112.105","unknown","unknown","okhttp","US","United States","Washington","unknown","2026-02-04 03:48:09"
"2b0234a2-17a3-4588-a755-ba86e5ca479b","b7db306a-9075-4ee7-a495-692d4f58f0c2","6978d5c12de038ea7a6a3303","6978dedc5fcdebaf2551d57f","{""accept-encoding"":""gzip"",""connection"":""Keep-Alive"",""content-length"":""845"",""content-type"":""application\/json; charset=utf-8"",""host"":""api.withgrowl.com"",""user-agent"":""okhttp\/5.2.1""}","88.169.9.135","unknown","unknown","okhttp","FR","France","Vaucluse","Valréas","2026-02-07 13:33:04"
"9971891e-fda7-4121-a155-b8912c2612eb","anon_5141f9c8-7e92-4571-889c-f7ebbe13a9ca","6978d5c12de038ea7a6a3303","6978dedc5fcdebaf2551d57f","{""accept-encoding"":""gzip"",""connection"":""Keep-Alive"",""content-length"":""552"",""content-type"":""application\/json; charset=utf-8"",""host"":""api.withgrowl.com"",""user-agent"":""okhttp\/5.2.1""}","156.199.27.231","unknown","unknown","okhttp","EG","Egypt","Monufia","Menouf","2026-02-07 14:51:04"
"06d1a40c-fa09-44f8-92d1-9b75f6153a11","anon_5141f9c8-7e92-4571-889c-f7ebbe13a9ca","6978d5c12de038ea7a6a3303","6978dedc5fcdebaf2551d57f","{""accept-encoding"":""gzip"",""connection"":""Keep-Alive"",""content-length"":""1728"",""content-type"":""application\/json; charset=utf-8"",""host"":""api.withgrowl.com"",""user-agent"":""okhttp\/5.2.1""}","156.199.27.231","unknown","unknown","okhttp","EG","Egypt","Monufia","Menouf","2026-02-07 14:52:06"
"2d48b5af-af0a-4358-afa9-8ebaba85e1f3","43565489-fe85-4b56-b8cc-3b2f72b586c4","6978d5c12de038ea7a6a3303","6978dedc5fcdebaf2551d57f","{""accept-encoding"":""gzip"",""connection"":""Keep-Alive"",""content-length"":""744"",""content-type"":""application\/json; charset=utf-8"",""host"":""api.withgrowl.com"",""user-agent"":""okhttp\/5.2.1""}","109.81.17.110","unknown","unknown","okhttp","CZ","Czechia","Prague","Prague","2026-02-22 00:49:40"
"5af5c6e9-3f95-438f-bdb5-e87f01e631f9","d3225503-8e4f-4274-9646-370815a68b4f","6978d5c12de038ea7a6a3303","6978dedc5fcdebaf2551d57f","{""accept-encoding"":""gzip"",""connection"":""Keep-Alive"",""content-length"":""1264"",""content-type"":""application\/json; charset=utf-8"",""host"":""api.withgrowl.com"",""user-agent"":""okhttp\/5.2.1""}","196.151.86.172","unknown","unknown","okhttp","EG","Egypt","unknown","unknown","2026-02-22 06:13:00"
"be424bae-aa71-4ecf-92e2-992286d79a50","d3225503-8e4f-4274-9646-370815a68b4f","6978d5c12de038ea7a6a3303","6978dedc5fcdebaf2551d57f","{""accept-encoding"":""gzip"",""connection"":""Keep-Alive"",""content-length"":""2303"",""content-type"":""application\/json; charset=utf-8"",""host"":""api.withgrowl.com"",""user-agent"":""okhttp\/5.2.1""}","196.151.86.172","unknown","unknown","okhttp","EG","Egypt","unknown","unknown","2026-02-22 06:13:31"
"63786ea2-93c6-4c15-9053-5ed8b82390cf","530b8c2e-f17a-4ea7-9ef9-7a150812d003","6978d5c12de038ea7a6a3303","6978dedc5fcdebaf2551d57f","{""accept-encoding"":""gzip"",""connection"":""Keep-Alive"",""content-length"":""458"",""content-type"":""application\/json; charset=utf-8"",""host"":""api.withgrowl.com"",""user-agent"":""okhttp\/5.2.1""}","102.125.169.212","unknown","unknown","okhttp","SD","Sudan","Khartoum","Omdurman","2026-02-22 13:32:09"
"a5a3c05c-afb6-4845-a4e7-f82741bd5de1","530b8c2e-f17a-4ea7-9ef9-7a150812d003","6978d5c12de038ea7a6a3303","6978dedc5fcdebaf2551d57f","{""accept-encoding"":""gzip"",""connection"":""Keep-Alive"",""content-length"":""1360"",""content-type"":""application\/json; charset=utf-8"",""host"":""api.withgrowl.com"",""user-agent"":""okhttp\/5.2.1""}","102.125.169.212","unknown","unknown","okhttp","SD","Sudan","Khartoum","Omdurman","2026-02-22 13:32:26"
"a36490c6-91ac-4717-808d-41bc9c15788e","12070769-faad-4938-b8bd-3e919341e204","6978d5c12de038ea7a6a3303","6978dedc5fcdebaf2551d57f","{""accept-encoding"":""gzip"",""connection"":""Keep-Alive"",""content-length"":""1732"",""content-type"":""application\/json; charset=utf-8"",""host"":""api.withgrowl.com"",""user-agent"":""okhttp\/5.2.1""}","46.57.175.165","unknown","unknown","okhttp","SY","Syria","Tartus Governorate","Tartus","2026-02-22 18:25:35"
"7d2e975e-69d8-41c6-8ba6-6d9c65acfa55","12070769-faad-4938-b8bd-3e919341e204","6978d5c12de038ea7a6a3303","6978dedc5fcdebaf2551d57f","{""accept-encoding"":""gzip"",""connection"":""Keep-Alive"",""content-length"":""2901"",""content-type"":""application\/json; charset=utf-8"",""host"":""api.withgrowl.com"",""user-agent"":""okhttp\/5.2.1""}","46.57.175.165","unknown","unknown","okhttp","SY","Syria","Tartus Governorate","Tartus","2026-02-22 18:26:58"
"c9f30129-b3a3-4328-9326-04b746186335","12070769-faad-4938-b8bd-3e919341e204","6978d5c12de038ea7a6a3303","6978dedc5fcdebaf2551d57f","{""accept-encoding"":""gzip"",""connection"":""Keep-Alive"",""content-length"":""5236"",""content-type"":""application\/json; charset=utf-8"",""host"":""api.withgrowl.com"",""user-agent"":""okhttp\/5.2.1""}","46.57.175.165","unknown","unknown","okhttp","SY","Syria","Tartus Governorate","Tartus","2026-02-22 18:28:14"
"6303a312-39b1-4291-a454-ae8d132aa5f8","9f1858b1-0ae2-49db-923c-e8b586b0aaf7","6978d5c12de038ea7a6a3303","6978dedc5fcdebaf2551d57f","{""accept-encoding"":""gzip"",""connection"":""Keep-Alive"",""content-length"":""766"",""content-type"":""application\/json; charset=utf-8"",""host"":""api.withgrowl.com"",""user-agent"":""okhttp\/5.2.1""}","172.59.172.64","unknown","unknown","okhttp","US","United States","Missouri","St Louis","2026-02-05 07:21:03"
"dbe939f8-f1ad-4130-9b4c-5a5533b1cee8","9f1858b1-0ae2-49db-923c-e8b586b0aaf7","6978d5c12de038ea7a6a3303","6978dedc5fcdebaf2551d57f","{""accept-encoding"":""gzip"",""connection"":""Keep-Alive"",""content-length"":""1079"",""content-type"":""application\/json; charset=utf-8"",""host"":""api.withgrowl.com"",""user-agent"":""okhttp\/5.2.1""}","172.59.172.64","unknown","unknown","okhttp","US","United States","Missouri","St Louis","2026-02-05 07:21:14"
"30f5b358-3ad6-4d9e-9928-80dc54182284","720d3224-4538-4a3a-9906-823949ece4ff","6978d5c12de038ea7a6a3303","6978dedc5fcdebaf2551d57f","{""accept-encoding"":""gzip"",""connection"":""Keep-Alive"",""content-length"":""1543"",""content-type"":""application\/json; charset=utf-8"",""host"":""api.withgrowl.com"",""user-agent"":""okhttp\/5.2.1""}","70.114.66.201","unknown","unknown","okhttp","US","United States","Texas","Mesquite","2026-02-05 08:06:39"
"e86367ad-511e-4856-a505-647cd52ac4f4","9e1f4310-8280-46ee-b577-de97ead13d1a","6978d5c12de038ea7a6a3303","6978dedc5fcdebaf2551d57f","{""accept-encoding"":""gzip"",""connection"":""Keep-Alive"",""content-length"":""707"",""content-type"":""application\/json; charset=utf-8"",""host"":""api.withgrowl.com"",""user-agent"":""okhttp\/5.2.1""}","66.119.2.254","unknown","unknown","okhttp","US","United States","Missouri","Springfield","2026-02-05 17:04:09"
"c046f711-f71c-4667-b208-5e339a679383","a346a318-0082-4b40-a576-defc7afde86d","6978d5c12de038ea7a6a3303","6978dedc5fcdebaf2551d57f","{""accept-encoding"":""gzip"",""connection"":""Keep-Alive"",""content-length"":""3128"",""content-type"":""application\/json; charset=utf-8"",""host"":""api.withgrowl.com"",""user-agent"":""okhttp\/5.2.1""}","196.156.64.43","unknown","unknown","okhttp","EG","Egypt","Cairo Governorate","Cairo","2026-02-08 12:02:20"
"e95375ac-1303-4b81-a958-d74856261dc8","a346a318-0082-4b40-a576-defc7afde86d","6978d5c12de038ea7a6a3303","6978dedc5fcdebaf2551d57f","{""accept-encoding"":""gzip"",""connection"":""Keep-Alive"",""content-length"":""3604"",""content-type"":""application\/json; charset=utf-8"",""host"":""api.withgrowl.com"",""user-agent"":""okhttp\/5.2.1""}","196.156.64.43","unknown","unknown","okhttp","EG","Egypt","Cairo Governorate","Cairo","2026-02-08 12:04:13"
"904ebc91-0f5d-4597-a96a-6d90ac4a17be","965a51f5-e08e-4ce6-b252-90b12d437bf8","6978d5c12de038ea7a6a3303","6978dedc5fcdebaf2551d57f","{""accept-encoding"":""gzip"",""connection"":""Keep-Alive"",""content-length"":""1050"",""content-type"":""application\/json; charset=utf-8"",""host"":""api.withgrowl.com"",""user-agent"":""okhttp\/5.2.1""}","99.102.29.128","unknown","unknown","okhttp","US","United States","Louisiana","Opelousas","2026-02-08 14:00:40"
"9427e522-6e13-4902-8280-e1af11ff8cc8","5cb59d4a-d9ec-4a72-a92c-117d88350652","6978d5c12de038ea7a6a3303","6978dedc5fcdebaf2551d57f","{""accept-encoding"":""gzip"",""connection"":""Keep-Alive"",""content-length"":""1358"",""content-type"":""application\/json; charset=utf-8"",""host"":""api.withgrowl.com"",""user-agent"":""okhttp\/5.2.1""}","95.85.163.212","unknown","unknown","okhttp","RS","Serbia","North Banat","Kanjiža","2026-02-09 17:12:07"
"96bbab85-d072-4f1f-a8a6-2a7357b4f252","e895bfd6-ae03-47e2-8153-6ab2d8edbb2c","6978d5c12de038ea7a6a3303","6978dedc5fcdebaf2551d57f","{""accept-encoding"":""gzip"",""connection"":""Keep-Alive"",""content-length"":""868"",""content-type"":""application\/json; charset=utf-8"",""host"":""api.withgrowl.com"",""user-agent"":""okhttp\/5.2.1""}","178.52.153.235","unknown","unknown","okhttp","SY","Syria","Homs Governorate","Homs","2026-02-23 07:21:03"
"e60d2c0f-e896-43dd-9aa4-db8436cf5d2a","e895bfd6-ae03-47e2-8153-6ab2d8edbb2c","6978d5c12de038ea7a6a3303","6978dedc5fcdebaf2551d57f","{""accept-encoding"":""gzip"",""connection"":""Keep-Alive"",""content-length"":""1578"",""content-type"":""application\/json; charset=utf-8"",""host"":""api.withgrowl.com"",""user-agent"":""okhttp\/5.2.1""}","178.52.153.235","unknown","unknown","okhttp","SY","Syria","Homs Governorate","Homs","2026-02-23 07:22:45"
"33d109a4-a4e3-4c40-a421-b7b61c3f2591","8eced236-b39f-4c44-b1c3-a41f1b110c7b","6978d5c12de038ea7a6a3303","6978dedc5fcdebaf2551d57f","{""accept-encoding"":""gzip"",""connection"":""Keep-Alive"",""content-length"":""1819"",""content-type"":""application\/json; charset=utf-8"",""host"":""api.withgrowl.com"",""user-agent"":""okhttp\/5.2.1""}","102.60.243.251","unknown","unknown","okhttp","EG","Egypt","Cairo Governorate","Cairo","2026-02-17 14:32:33"
"117498d1-6be0-465e-8905-b82bd2245b91","90bb40db-50b9-4f2b-96d7-06ac5ddec8af","6978d5c12de038ea7a6a3303","6978dedc5fcdebaf2551d57f","{""accept-encoding"":""gzip"",""connection"":""Keep-Alive"",""content-length"":""1001"",""content-type"":""application\/json; charset=utf-8"",""host"":""api.withgrowl.com"",""user-agent"":""okhttp\/5.2.1""}","156.209.138.24","unknown","unknown","okhttp","EG","Egypt","Asyut","Asyut","2026-02-10 00:08:24"
"905aaeb0-619a-4363-b713-2c4abf8cd67e","c072de6c-e4d1-40b2-9f22-d041ba5cd542","6978d5c12de038ea7a6a3303","6978dedc5fcdebaf2551d57f","{""accept-encoding"":""gzip"",""connection"":""Keep-Alive"",""content-length"":""1312"",""content-type"":""application\/json; charset=utf-8"",""host"":""api.withgrowl.com"",""user-agent"":""okhttp\/5.2.1""}","89.165.234.13","unknown","unknown","okhttp","RO","Romania","Ilfov","Voluntari","2026-02-10 12:18:44"
"55535814-c55a-4f4f-8467-8174daee0e86","85056bd5-bef6-414b-8ab2-13c85b289da9","6978d5c12de038ea7a6a3303","6978dedc5fcdebaf2551d57f","{""accept-encoding"":""gzip"",""connection"":""Keep-Alive"",""content-length"":""690"",""content-type"":""application\/json; charset=utf-8"",""host"":""api.withgrowl.com"",""user-agent"":""okhttp\/5.2.1""}","82.168.55.77","unknown","unknown","okhttp","NL","The Netherlands","Overijssel","Enschede","2026-02-10 16:54:20"
"32185387-578a-46f3-b5c9-9b83a59b5174","85056bd5-bef6-414b-8ab2-13c85b289da9","6978d5c12de038ea7a6a3303","6978dedc5fcdebaf2551d57f","{""accept-encoding"":""gzip"",""connection"":""Keep-Alive"",""content-length"":""624"",""content-type"":""application\/json; charset=utf-8"",""host"":""api.withgrowl.com"",""user-agent"":""okhttp\/5.2.1""}","82.168.55.77","unknown","unknown","okhttp","NL","The Netherlands","Overijssel","Enschede","2026-02-10 16:55:01"
"79726e51-d930-45dc-8a6d-0ff8d61eb30e","28490e12-e225-4ff3-b93e-91b005b46ca7","6978d5c12de038ea7a6a3303","6978dedc5fcdebaf2551d57f","{""accept-encoding"":""gzip"",""connection"":""Keep-Alive"",""content-length"":""6223"",""content-type"":""application\/json; charset=utf-8"",""host"":""api.withgrowl.com"",""user-agent"":""okhttp\/5.2.1""}","76.38.205.77","unknown","unknown","okhttp","US","United States","New York","Watertown","2026-02-24 18:02:03"
"928825df-03fa-42ce-a1c3-7c42834ddee2","a346a318-0082-4b40-a576-defc7afde86d","6978d5c12de038ea7a6a3303","6978dedc5fcdebaf2551d57f","{""accept-encoding"":""gzip"",""connection"":""Keep-Alive"",""content-length"":""2237"",""content-type"":""application\/json; charset=utf-8"",""host"":""api.withgrowl.com"",""user-agent"":""okhttp\/5.2.1""}","196.156.157.119","unknown","unknown","okhttp","EG","Egypt","unknown","unknown","2026-02-17 16:56:40"
"39439ac5-5c2d-4f23-a11d-4c24f1095322","902a3d6f-1fe9-4444-bbbd-f4d2f2676328","6978d5c12de038ea7a6a3303","6978dedc5fcdebaf2551d57f","{""accept-encoding"":""gzip"",""connection"":""Keep-Alive"",""content-length"":""2865"",""content-type"":""application\/json; charset=utf-8"",""host"":""api.withgrowl.com"",""user-agent"":""okhttp\/5.2.1""}","153.92.39.226","unknown","unknown","okhttp","DE","Germany","Schleswig-Holstein","Kosel","2026-02-12 23:59:39"
"4b3cc1ac-eba4-4aae-a132-96c5d8cde605","86ddd7c2-7f7e-4ead-bab1-3eae3af69b75","6978d5c12de038ea7a6a3303","6978dedc5fcdebaf2551d57f","{""accept-encoding"":""gzip"",""connection"":""Keep-Alive"",""content-length"":""820"",""content-type"":""application\/json; charset=utf-8"",""host"":""api.withgrowl.com"",""user-agent"":""okhttp\/5.2.1""}","51.254.132.6","unknown","unknown","okhttp","FR","France","unknown","unknown","2026-02-18 06:47:54"
"4da9502e-f70e-45a4-adf3-100ff0c1e2d6","a31c9e9c-0403-4a6f-8b24-4dcd6e0f1d09","6978d5c12de038ea7a6a3303","6978dedc5fcdebaf2551d57f","{""accept-encoding"":""gzip"",""connection"":""Keep-Alive"",""content-length"":""825"",""content-type"":""application\/json; charset=utf-8"",""host"":""api.withgrowl.com"",""user-agent"":""okhttp\/5.2.1""}","78.80.17.249","unknown","unknown","okhttp","CZ","Czechia","Prague","Prague","2026-02-18 17:26:53"
"74401584-88aa-4b7b-ad07-cd5c61bf88a2","0cf9f571-9e68-4be0-8a21-490959920d9b","6978d5c12de038ea7a6a3303","6978dedc5fcdebaf2551d57f","{""accept-encoding"":""gzip"",""connection"":""Keep-Alive"",""content-length"":""821"",""content-type"":""application\/json; charset=utf-8"",""host"":""api.withgrowl.com"",""user-agent"":""okhttp\/5.2.1""}","54.38.157.229","unknown","unknown","okhttp","DE","Germany","unknown","unknown","2026-02-18 22:00:22"
"8064bc6c-4334-4ec9-b562-d9e20f8c92e6","anon_7388f1a5-630e-4890-9c16-5235272a1b99","6978d5c12de038ea7a6a3303","6978dedc5fcdebaf2551d57f","{""accept-encoding"":""gzip"",""connection"":""Keep-Alive"",""content-length"":""1234"",""content-type"":""application\/json; charset=utf-8"",""host"":""api.withgrowl.com"",""user-agent"":""okhttp\/5.2.1""}","88.175.18.119","unknown","unknown","okhttp","FR","France","Bouches-du-Rhône","Marseille","2026-02-25 02:36:41"
"b67bbf83-75b7-460f-a27d-5ab98fcf4791","anon_7388f1a5-630e-4890-9c16-5235272a1b99","6978d5c12de038ea7a6a3303","6978dedc5fcdebaf2551d57f","{""accept-encoding"":""gzip"",""connection"":""Keep-Alive"",""content-length"":""3720"",""content-type"":""application\/json; charset=utf-8"",""host"":""api.withgrowl.com"",""user-agent"":""okhttp\/5.2.1""}","88.175.18.119","unknown","unknown","okhttp","FR","France","Bouches-du-Rhône","Marseille","2026-02-25 02:40:59"
"1e75f318-367d-46c0-97ef-9d0b20b6bb93","6644455a-84a9-42dd-9240-0759690b636c","6978d5c12de038ea7a6a3303","6978dedc5fcdebaf2551d57f","{""accept-encoding"":""gzip"",""connection"":""Keep-Alive"",""content-length"":""1386"",""content-type"":""application\/json; charset=utf-8"",""host"":""api.withgrowl.com"",""user-agent"":""okhttp\/5.2.1""}","151.33.55.139","unknown","unknown","okhttp","IT","Italy","Turin","Turin","2026-02-13 23:40:04"
"f721cf63-482f-4945-ac81-904953eadb59","ee89a64d-d3c8-4c7a-aefd-314adafb1764","6978d5c12de038ea7a6a3303","6978dedc5fcdebaf2551d57f","{""accept-encoding"":""gzip"",""connection"":""Keep-Alive"",""content-length"":""755"",""content-type"":""application\/json; charset=utf-8"",""host"":""api.withgrowl.com"",""user-agent"":""okhttp\/5.2.1""}","89.177.218.163","unknown","unknown","okhttp","CZ","Czechia","Zlín District","Zlín","2026-02-27 19:47:37"
"ade1bf94-882e-49a4-9c54-c9f4318025ae","ee89a64d-d3c8-4c7a-aefd-314adafb1764","6978d5c12de038ea7a6a3303","6978dedc5fcdebaf2551d57f","{""accept-encoding"":""gzip"",""connection"":""Keep-Alive"",""content-length"":""1194"",""content-type"":""application\/json; charset=utf-8"",""host"":""api.withgrowl.com"",""user-agent"":""okhttp\/5.2.1""}","89.177.218.163","unknown","unknown","okhttp","CZ","Czechia","Zlín District","Zlín","2026-02-27 19:47:47"
"20b3e4ff-ff96-4b65-8264-c12263d06ad9","b595fdba-357c-4f31-9716-53c21554e677","6978d5c12de038ea7a6a3303","6978dedc5fcdebaf2551d57f","{""accept-encoding"":""gzip"",""connection"":""Keep-Alive"",""content-length"":""1806"",""content-type"":""application\/json; charset=utf-8"",""host"":""api.withgrowl.com"",""user-agent"":""okhttp\/5.2.1""}","78.156.48.180","unknown","unknown","okhttp","CZ","Czechia","Sokolov District","Sokolov","2026-02-27 21:12:33"
"cd805bab-101c-482b-bd42-28bd9c7c9b0d","f5d61b98-2b7f-44cd-8f86-e55d0816bfa3","6978d5c12de038ea7a6a3303","6978dedc5fcdebaf2551d57f","{""accept-encoding"":""gzip"",""connection"":""Keep-Alive"",""content-length"":""1012"",""content-type"":""application\/json; charset=utf-8"",""host"":""api.withgrowl.com"",""user-agent"":""okhttp\/5.2.1""}","84.184.253.51","unknown","unknown","okhttp","DE","Germany","Hesse","Hohenahr","2026-02-16 15:39:30"
"23ad0330-4add-476c-8e59-0719ed5f306b","ab0d6f16-7414-43d6-ba34-dfe7a0983e27","6978d5c12de038ea7a6a3303","6978dedc5fcdebaf2551d57f","{""accept-encoding"":""gzip"",""connection"":""Keep-Alive"",""content-length"":""695"",""content-type"":""application\/json; charset=utf-8"",""host"":""api.withgrowl.com"",""user-agent"":""okhttp\/5.2.1""}","79.127.139.200","unknown","unknown","okhttp","ES","Spain","Madrid","Madrid","2026-03-06 23:47:57"
"e4e8fff2-62df-4e0c-862b-e5e25421ee31","anon_c10a4245-ceab-4a75-97a7-b40301401802","6978d5c12de038ea7a6a3303","6978dedc5fcdebaf2551d57f","{""accept-encoding"":""gzip"",""connection"":""Keep-Alive"",""content-length"":""1228"",""content-type"":""application\/json; charset=utf-8"",""host"":""api.withgrowl.com"",""user-agent"":""okhttp\/5.2.1""}","109.145.102.246","unknown","unknown","okhttp","GB","United Kingdom","Royal Kensington and Chelsea","Kensington","2026-03-14 07:50:07"
"2c03c21c-967f-484d-9882-f6b9709799b4","anon_c10a4245-ceab-4a75-97a7-b40301401802","6978d5c12de038ea7a6a3303","6978dedc5fcdebaf2551d57f","{""accept-encoding"":""gzip"",""connection"":""Keep-Alive"",""content-length"":""2912"",""content-type"":""application\/json; charset=utf-8"",""host"":""api.withgrowl.com"",""user-agent"":""okhttp\/5.2.1""}","109.145.102.246","unknown","unknown","okhttp","GB","United Kingdom","Royal Kensington and Chelsea","Kensington","2026-03-14 07:52:31"
"998d074f-d7d1-4d3d-8260-ccc8fbfdae08","anon_c10a4245-ceab-4a75-97a7-b40301401802","6978d5c12de038ea7a6a3303","6978dedc5fcdebaf2551d57f","{""accept-encoding"":""gzip"",""connection"":""Keep-Alive"",""content-length"":""3380"",""content-type"":""application\/json; charset=utf-8"",""host"":""api.withgrowl.com"",""user-agent"":""okhttp\/5.2.1""}","109.145.102.246","unknown","unknown","okhttp","GB","United Kingdom","Royal Kensington and Chelsea","Kensington","2026-03-14 07:53:00"
"a35660d3-c3b5-4958-b958-cdf46d811745","8e141001-8091-460c-9e6e-1caa976de3b7","6978d5c12de038ea7a6a3303","6978dedc5fcdebaf2551d57f","{""accept-encoding"":""gzip"",""connection"":""Keep-Alive"",""content-length"":""873"",""content-type"":""application\/json; charset=utf-8"",""host"":""api.withgrowl.com"",""user-agent"":""okhttp\/5.2.1""}","79.246.61.171","unknown","unknown","okhttp","DE","Germany","Bavaria","Rinchnach","2026-03-15 21:22:44"
"a6e0f9d4-a321-42ed-87f8-4087b1315f08","9bbf5fdd-929a-4a8c-b39c-8e1159c6f96a","6978d5c12de038ea7a6a3303","6978dedc5fcdebaf2551d57f","{""accept-encoding"":""gzip"",""connection"":""Keep-Alive"",""content-length"":""2007"",""content-type"":""application\/json; charset=utf-8"",""host"":""api.withgrowl.com"",""user-agent"":""okhttp\/5.2.1""}","78.211.252.166","unknown","unknown","okhttp","IT","Italy","unknown","unknown","2026-03-16 05:03:02"
"5bd3d8c4-4161-469d-8636-20a0cec13ebf","d427f186-adee-4e4a-8835-2c0b4c4a20a8","6978d5c12de038ea7a6a3303","6978dedc5fcdebaf2551d57f","{""accept-encoding"":""gzip"",""connection"":""Keep-Alive"",""content-length"":""1314"",""content-type"":""application\/json; charset=utf-8"",""host"":""api.withgrowl.com"",""user-agent"":""okhttp\/5.2.1""}","196.152.219.159","unknown","unknown","okhttp","EG","Egypt","Cairo Governorate","Cairo","2026-03-04 06:52:08"
"48019439-1019-4219-9b0e-a9db7ee87203","c4e35449-264e-46cd-9600-96f9e12dee80","6978d5c12de038ea7a6a3303","6978dedc5fcdebaf2551d57f","{""accept-encoding"":""gzip"",""connection"":""Keep-Alive"",""content-length"":""2154"",""content-type"":""application\/json; charset=utf-8"",""host"":""api.withgrowl.com"",""user-agent"":""okhttp\/5.2.1""}","194.230.144.229","unknown","unknown","okhttp","CH","Switzerland","Zurich","Dietikon","2026-03-04 10:00:23"
"ff5321cd-51c4-4923-b1bd-1d0e19447805","42a1f53a-704a-4ea8-a5a3-55e49825f178","6978d5c12de038ea7a6a3303","6978dedc5fcdebaf2551d57f","{""accept-encoding"":""gzip"",""connection"":""Keep-Alive"",""content-length"":""1113"",""content-type"":""application\/json; charset=utf-8"",""host"":""api.withgrowl.com"",""user-agent"":""okhttp\/5.2.1""}","102.9.56.41","unknown","unknown","okhttp","EG","Egypt","Alexandria","Alexandria","2026-03-04 20:00:19"
"a34204a5-e718-4427-8387-be6cf9ab7e5f","42a1f53a-704a-4ea8-a5a3-55e49825f178","6978d5c12de038ea7a6a3303","6978dedc5fcdebaf2551d57f","{""accept-encoding"":""gzip"",""connection"":""Keep-Alive"",""content-length"":""2236"",""content-type"":""application\/json; charset=utf-8"",""host"":""api.withgrowl.com"",""user-agent"":""okhttp\/5.2.1""}","102.9.56.41","unknown","unknown","okhttp","EG","Egypt","Alexandria","Alexandria","2026-03-04 20:00:42"
"7f27e1b4-fc09-46ec-b2fb-0fe9a4eb5496","954e32b6-8518-4383-9b1c-4c6fe3297761","6978d5c12de038ea7a6a3303","6978dedc5fcdebaf2551d57f","{""accept-encoding"":""gzip"",""connection"":""Keep-Alive"",""content-length"":""1129"",""content-type"":""application\/json; charset=utf-8"",""host"":""api.withgrowl.com"",""user-agent"":""okhttp\/5.2.1""}","172.56.29.68","unknown","unknown","okhttp","US","United States","Pennsylvania","Philadelphia","2026-03-06 02:56:08"
"1bbc3d55-d3ef-48ec-be88-182adf4f89c4","anon_28fc8d30-2ced-4a4c-80fa-6d442b9ad7b0","6978d5c12de038ea7a6a3303","6978dedc5fcdebaf2551d57f","{""accept-encoding"":""gzip"",""connection"":""Keep-Alive"",""content-length"":""723"",""content-type"":""application\/json; charset=utf-8"",""host"":""api.withgrowl.com"",""user-agent"":""okhttp\/5.2.1""}","193.146.86.28","unknown","unknown","okhttp","ES","Spain","Las Palmas","Las Palmas de Gran Canaria","2026-03-06 12:10:34"
"c97634ff-f890-40cf-8760-9f674a5ab720","38c2192a-27ae-4d4d-b628-27425dced769","6978d5c12de038ea7a6a3303","6978dedc5fcdebaf2551d57f","{""accept-encoding"":""gzip"",""connection"":""Keep-Alive"",""content-length"":""1706"",""content-type"":""application\/json; charset=utf-8"",""host"":""api.withgrowl.com"",""user-agent"":""okhttp\/5.2.1""}","154.128.175.0","unknown","unknown","okhttp","EG","Egypt","Giza","Giza","2026-02-21 03:32:24"
"32eaf202-d3ce-4e86-a2fc-79bcf19bac01","38c2192a-27ae-4d4d-b628-27425dced769","6978d5c12de038ea7a6a3303","6978dedc5fcdebaf2551d57f","{""accept-encoding"":""gzip"",""connection"":""Keep-Alive"",""content-length"":""2641"",""content-type"":""application\/json; charset=utf-8"",""host"":""api.withgrowl.com"",""user-agent"":""okhttp\/5.2.1""}","154.128.175.0","unknown","unknown","okhttp","EG","Egypt","Giza","Giza","2026-02-21 03:33:54"
"c69c356d-4b0e-4646-b0e8-b40b31de2ba2","b66b6f68-d459-49ba-81be-d046d484289e","6978d5c12de038ea7a6a3303","6978dedc5fcdebaf2551d57f","{""accept-encoding"":""gzip"",""connection"":""Keep-Alive"",""content-length"":""867"",""content-type"":""application\/json; charset=utf-8"",""host"":""api.withgrowl.com"",""user-agent"":""okhttp\/5.2.1""}","178.52.160.154","unknown","unknown","okhttp","SY","Syria","Homs Governorate","Homs","2026-02-28 01:10:54"
"00d7e763-715b-4113-958e-6d52af12b5f5","anon_46b0376d-42fb-469e-a311-4de557e053ca","6978d5c12de038ea7a6a3303","6978dedc5fcdebaf2551d57f","{""accept-encoding"":""gzip"",""connection"":""Keep-Alive"",""content-length"":""734"",""content-type"":""application\/json; charset=utf-8"",""host"":""api.withgrowl.com"",""user-agent"":""okhttp\/5.2.1""}","38.162.210.235","unknown","unknown","okhttp","CA","Canada","Prince Edward Island","Charlottetown","2026-02-28 02:53:57"
"f297180f-0b3f-429b-99a8-888550d3b6ac","bce7f2d9-69ed-4e42-82a0-16608d5de58a","6978d5c12de038ea7a6a3303","6978dedc5fcdebaf2551d57f","{""accept-encoding"":""gzip"",""connection"":""Keep-Alive"",""content-length"":""1438"",""content-type"":""application\/json; charset=utf-8"",""host"":""api.withgrowl.com"",""user-agent"":""okhttp\/5.2.1""}","46.213.151.202","unknown","unknown","okhttp","SY","Syria","unknown","unknown","2026-03-03 12:59:11"
"c52e2f35-fb13-4b32-8c7f-037df3b21534","c2273b64-4f45-4d1d-84c4-9fb99d7bb31e","6978d5c12de038ea7a6a3303","6978dedc5fcdebaf2551d57f","{""accept-encoding"":""gzip"",""connection"":""Keep-Alive"",""content-length"":""754"",""content-type"":""application\/json; charset=utf-8"",""host"":""api.withgrowl.com"",""user-agent"":""okhttp\/5.2.1""}","194.212.250.98","unknown","unknown","okhttp","CZ","Czechia","Prague","Prague","2026-03-03 22:33:39"
"270d0992-880e-4c58-a59b-ff1e0a035387","f07b5431-39d4-4c64-aa9c-99ae3933017e","6978d5c12de038ea7a6a3303","6978dedc5fcdebaf2551d57f","{""accept-encoding"":""gzip"",""connection"":""Keep-Alive"",""content-length"":""734"",""content-type"":""application\/json; charset=utf-8"",""host"":""api.withgrowl.com"",""user-agent"":""okhttp\/5.2.1""}","105.74.194.199","unknown","unknown","okhttp","MA","Morocco","Oujda-Angad","Oujda","2026-02-19 11:29:39"
