"id","session_id","slot_id","visitor_id","publisher_id","ad_unit_id","slot_name","slot_key","slot_data","theme","ad_bg_color","payout_eligible","source_url","request_headers","client_ip","device_type","os_name","browser","geo_country_code","geo_country_name","geo_region","geo_city","created_at"
"89a43a59-6144-4016-87da-c76a0581b710","64c0ef9f-2db2-4d30-8d63-9d8501cd2fec","9875388d-face-4b28-ad28-a2a01e40fc0c-0","3ead5bb4-cb47-40b1-b6f9-17ddae18b4ea","6978d5c12de038ea7a6a3303","6978dedc5fcdebaf2551d57f","null","null","{""assistant_message_count"": ""1"", ""chat_history_length"": ""2"", ""chat_id"": ""5"", ""opportunity_index"": ""0"", ""user_message_count"": ""1""}","light","null","true","mobile_app","{""accept-encoding"":""gzip"",""connection"":""Keep-Alive"",""content-length"":""686"",""content-type"":""application\/json; charset=utf-8"",""host"":""api.withgrowl.com"",""user-agent"":""okhttp\/5.2.1""}","209.249.241.138","unknown","unknown","okhttp","US","United States","Washington","Tacoma","2026-01-27 19:02:15"
"cd64b711-423d-4673-805e-97ecdd048649","64c0ef9f-2db2-4d30-8d63-9d8501cd2fec","b6558050-fbda-434b-885c-8c90fe78e641-0","3ead5bb4-cb47-40b1-b6f9-17ddae18b4ea","6978d5c12de038ea7a6a3303","6978dedc5fcdebaf2551d57f","null","null","{""assistant_message_count"": ""1"", ""chat_history_length"": ""2"", ""chat_id"": ""6"", ""opportunity_index"": ""0"", ""user_message_count"": ""1""}","light","null","true","mobile_app","{""accept-encoding"":""gzip"",""connection"":""Keep-Alive"",""content-length"":""790"",""content-type"":""application\/json; charset=utf-8"",""host"":""api.withgrowl.com"",""user-agent"":""okhttp\/5.2.1""}","209.249.241.138","unknown","unknown","okhttp","US","United States","Washington","Tacoma","2026-01-27 19:05:16"
"7dd01427-657f-4e8d-a118-cbbcd1ae3e79","53f6836f-9a07-4302-963c-6ab6263627ec","898e46da-bbb0-4abf-8016-070ed41afb9c-0","36d4e150-960d-4f0c-bc20-5680c84db9ec","6978d5c12de038ea7a6a3303","6978dedc5fcdebaf2551d57f","null","null","{""assistant_message_count"": ""1"", ""chat_history_length"": ""2"", ""chat_id"": ""2"", ""opportunity_index"": ""0"", ""user_message_count"": ""1""}","light","null","true","mobile_app","{""accept-encoding"":""gzip"",""connection"":""Keep-Alive"",""content-length"":""3848"",""content-type"":""application\/json; charset=utf-8"",""host"":""api.withgrowl.com"",""user-agent"":""okhttp\/5.2.1""}","82.168.55.77","unknown","unknown","okhttp","NL","The Netherlands","Overijssel","Enschede","2026-01-27 21:17:16"
"653dda2a-e92c-4dac-ba7d-6d31c57ef710","53f6836f-9a07-4302-963c-6ab6263627ec","e6829bd9-204b-4747-a3f6-594cf40bb6bb-0","36d4e150-960d-4f0c-bc20-5680c84db9ec","6978d5c12de038ea7a6a3303","6978dedc5fcdebaf2551d57f","null","null","{""assistant_message_count"": ""1"", ""chat_history_length"": ""2"", ""chat_id"": ""3"", ""opportunity_index"": ""0"", ""user_message_count"": ""1""}","light","null","true","mobile_app","{""accept-encoding"":""gzip"",""connection"":""Keep-Alive"",""content-length"":""1660"",""content-type"":""application\/json; charset=utf-8"",""host"":""api.withgrowl.com"",""user-agent"":""okhttp\/5.2.1""}","82.168.55.77","unknown","unknown","okhttp","NL","The Netherlands","Overijssel","Enschede","2026-01-27 21:19:28"
"b3717419-3ede-4836-8f23-0732a3f02ae6","c5550da5-0a75-49a6-af68-1045c633980a","cf583b6e-bed5-402f-9511-800050a72f04-0","36d4e150-960d-4f0c-bc20-5680c84db9ec","6978d5c12de038ea7a6a3303","6978dedc5fcdebaf2551d57f","null","null","{""assistant_message_count"": ""1"", ""chat_history_length"": ""2"", ""chat_id"": ""4"", ""opportunity_index"": ""0"", ""user_message_count"": ""1""}","light","null","true","mobile_app","{""accept-encoding"":""gzip"",""connection"":""Keep-Alive"",""content-length"":""739"",""content-type"":""application\/json; charset=utf-8"",""host"":""api.withgrowl.com"",""user-agent"":""okhttp\/5.2.1""}","82.168.55.77","unknown","unknown","okhttp","NL","The Netherlands","Overijssel","Enschede","2026-01-27 21:43:30"
"2084e6ce-832f-4861-9baa-36f30221fc52","6b3a1124-fac9-4fcc-8f9c-737feec1257f","67f26c96-6145-46e5-96a0-191a65bb8b10-0","36d4e150-960d-4f0c-bc20-5680c84db9ec","6978d5c12de038ea7a6a3303","6978dedc5fcdebaf2551d57f","null","null","{""assistant_message_count"": ""1"", ""chat_history_length"": ""2"", ""chat_id"": ""5"", ""opportunity_index"": ""0"", ""user_message_count"": ""1""}","light","null","true","mobile_app","{""accept-encoding"":""gzip"",""connection"":""Keep-Alive"",""content-length"":""768"",""content-type"":""application\/json; charset=utf-8"",""host"":""api.withgrowl.com"",""user-agent"":""okhttp\/5.2.1""}","82.168.55.77","unknown","unknown","okhttp","NL","The Netherlands","Overijssel","Enschede","2026-01-28 08:06:19"
"f0df0389-fc37-494b-8c74-69064a700055","6b3a1124-fac9-4fcc-8f9c-737feec1257f","aad9739b-4613-4140-8ebc-01c71f137218-0","36d4e150-960d-4f0c-bc20-5680c84db9ec","6978d5c12de038ea7a6a3303","6978dedc5fcdebaf2551d57f","null","null","{""assistant_message_count"": ""1"", ""chat_history_length"": ""2"", ""chat_id"": ""6"", ""opportunity_index"": ""0"", ""user_message_count"": ""1""}","light","null","true","mobile_app","{""accept-encoding"":""gzip"",""connection"":""Keep-Alive"",""content-length"":""1233"",""content-type"":""application\/json; charset=utf-8"",""host"":""api.withgrowl.com"",""user-agent"":""okhttp\/5.2.1""}","82.168.55.77","unknown","unknown","okhttp","NL","The Netherlands","Overijssel","Enschede","2026-01-28 08:07:13"
"b1883009-d15f-46ac-963e-f10900b52e1f","ce7fa1de-f348-426d-9f3d-a1bf95339cb8","5464b7f5-653e-4c00-9f80-611569b013de-0","36d4e150-960d-4f0c-bc20-5680c84db9ec","6978d5c12de038ea7a6a3303","6978dedc5fcdebaf2551d57f","null","null","{""assistant_message_count"": ""1"", ""chat_history_length"": ""2"", ""chat_id"": ""7"", ""opportunity_index"": ""0"", ""user_message_count"": ""1""}","light","null","true","mobile_app","{""accept-encoding"":""gzip"",""connection"":""Keep-Alive"",""content-length"":""378"",""content-type"":""application\/json; charset=utf-8"",""host"":""api.withgrowl.com"",""user-agent"":""okhttp\/5.2.1""}","82.168.55.77","unknown","unknown","okhttp","NL","The Netherlands","Overijssel","Enschede","2026-01-28 08:15:07"
"de37e779-bfc0-4162-9739-2fbabbe0d9a2","30fae1b6-9218-40d1-b293-1ca3452f5080","d6f0bcc2-bea0-4f16-ad0d-a948bca0de3e-0","36d4e150-960d-4f0c-bc20-5680c84db9ec","6978d5c12de038ea7a6a3303","6978dedc5fcdebaf2551d57f","null","null","{""assistant_message_count"": ""1"", ""chat_history_length"": ""2"", ""chat_id"": ""8"", ""opportunity_index"": ""0"", ""user_message_count"": ""1""}","light","null","true","mobile_app","{""accept-encoding"":""gzip"",""connection"":""Keep-Alive"",""content-length"":""378"",""content-type"":""application\/json; charset=utf-8"",""host"":""api.withgrowl.com"",""user-agent"":""okhttp\/5.2.1""}","82.168.55.77","unknown","unknown","okhttp","NL","The Netherlands","Overijssel","Enschede","2026-01-28 08:20:45"
"766ae45e-9966-4de3-9e54-53f1d84857ae","30fae1b6-9218-40d1-b293-1ca3452f5080","793fb6df-e663-4360-a448-d10b5dd144a8-0","36d4e150-960d-4f0c-bc20-5680c84db9ec","6978d5c12de038ea7a6a3303","6978dedc5fcdebaf2551d57f","null","null","{""assistant_message_count"": ""1"", ""chat_history_length"": ""2"", ""chat_id"": ""9"", ""opportunity_index"": ""0"", ""user_message_count"": ""1""}","light","null","true","mobile_app","{""accept-encoding"":""gzip"",""connection"":""Keep-Alive"",""content-length"":""378"",""content-type"":""application\/json; charset=utf-8"",""host"":""api.withgrowl.com"",""user-agent"":""okhttp\/5.2.1""}","82.168.55.77","unknown","unknown","okhttp","NL","The Netherlands","Overijssel","Enschede","2026-01-28 13:44:07"
"9ab327e9-41c4-4157-b0b0-3e0ad3e7acb4","f44c9d95-30fb-4047-ab5f-f0a15f1e3527","04ac3e76-0a9c-4896-b9ec-03ed665b6d62-0","36d4e150-960d-4f0c-bc20-5680c84db9ec","6978d5c12de038ea7a6a3303","6978dedc5fcdebaf2551d57f","null","null","{""assistant_message_count"": ""1"", ""chat_history_length"": ""2"", ""chat_id"": ""10"", ""opportunity_index"": ""0"", ""user_message_count"": ""1""}","light","null","true","mobile_app","{""accept-encoding"":""gzip"",""connection"":""Keep-Alive"",""content-length"":""1968"",""content-type"":""application\/json; charset=utf-8"",""host"":""api.withgrowl.com"",""user-agent"":""okhttp\/5.2.1""}","82.168.55.77","unknown","unknown","okhttp","NL","The Netherlands","Overijssel","Enschede","2026-01-28 13:46:35"
"b068525c-7d0a-4b4d-9870-def34fe2354c","3fc88e37-f696-4469-84fb-54fb95a34e09","d58dc4f5-8733-4f7b-912b-50a03931c430-0","36d4e150-960d-4f0c-bc20-5680c84db9ec","6978d5c12de038ea7a6a3303","6978dedc5fcdebaf2551d57f","null","null","{""assistant_message_count"": ""1"", ""chat_history_length"": ""2"", ""chat_id"": ""1"", ""opportunity_index"": ""0"", ""user_message_count"": ""1""}","light","null","true","mobile_app","{""accept-encoding"":""gzip"",""connection"":""Keep-Alive"",""content-length"":""1708"",""content-type"":""application\/json; charset=utf-8"",""host"":""api.withgrowl.com"",""user-agent"":""okhttp\/5.2.1""}","82.168.55.77","unknown","unknown","okhttp","NL","The Netherlands","Overijssel","Enschede","2026-01-28 13:55:47"
"ecefaca1-7481-4c54-812c-83eae7832b2f","96b754c8-36ba-46c6-a554-83a96b80b87d","5b4ec67f-5431-4624-93ce-2a36765991cf-0","36d4e150-960d-4f0c-bc20-5680c84db9ec","6978d5c12de038ea7a6a3303","6978dedc5fcdebaf2551d57f","null","null","{""assistant_message_count"": ""1"", ""chat_history_length"": ""2"", ""chat_id"": ""2"", ""opportunity_index"": ""0"", ""user_message_count"": ""1""}","light","null","true","mobile_app","{""accept-encoding"":""gzip"",""connection"":""Keep-Alive"",""content-length"":""2083"",""content-type"":""application\/json; charset=utf-8"",""host"":""api.withgrowl.com"",""user-agent"":""okhttp\/5.2.1""}","82.168.55.77","unknown","unknown","okhttp","NL","The Netherlands","Overijssel","Enschede","2026-01-28 14:16:41"
"4400ffd0-eaeb-4a04-8204-223dc988fc51","96b754c8-36ba-46c6-a554-83a96b80b87d","7ebf50a7-08d0-41a8-95af-c05e4db60b5d-0","36d4e150-960d-4f0c-bc20-5680c84db9ec","6978d5c12de038ea7a6a3303","6978dedc5fcdebaf2551d57f","null","null","{""assistant_message_count"": ""1"", ""chat_history_length"": ""2"", ""chat_id"": ""3"", ""opportunity_index"": ""0"", ""user_message_count"": ""1""}","light","null","true","mobile_app","{""accept-encoding"":""gzip"",""connection"":""Keep-Alive"",""content-length"":""1521"",""content-type"":""application\/json; charset=utf-8"",""host"":""api.withgrowl.com"",""user-agent"":""okhttp\/5.2.1""}","82.168.55.77","unknown","unknown","okhttp","NL","The Netherlands","Overijssel","Enschede","2026-01-28 14:21:01"
"e2e87d4d-9577-4eb3-8948-b62bc9408c88","1221d5d3-dadb-4e91-8010-0da56d5cc667","b034df46-d5e9-4fa7-be32-e6c0ba759e64-0","36d4e150-960d-4f0c-bc20-5680c84db9ec","6978d5c12de038ea7a6a3303","6978dedc5fcdebaf2551d57f","null","null","{""assistant_message_count"": ""1"", ""chat_history_length"": ""2"", ""chat_id"": ""7"", ""opportunity_index"": ""0"", ""user_message_count"": ""1""}","light","null","true","mobile_app","{""accept-encoding"":""gzip"",""connection"":""Keep-Alive"",""content-length"":""1404"",""content-type"":""application\/json; charset=utf-8"",""host"":""api.withgrowl.com"",""user-agent"":""okhttp\/5.2.1""}","82.168.55.77","unknown","unknown","okhttp","NL","The Netherlands","Overijssel","Enschede","2026-01-28 14:43:18"
"0ce40420-7ca3-4e48-9c2e-07c03bb0da9e","76bfd653-cf3f-4555-81d8-9fbe118bf1bf","38a1554e-c682-4dba-8b4c-3b76f90fed04-0","36d4e150-960d-4f0c-bc20-5680c84db9ec","6978d5c12de038ea7a6a3303","6978dedc5fcdebaf2551d57f","null","null","{""assistant_message_count"": ""1"", ""chat_history_length"": ""2"", ""chat_id"": ""1"", ""opportunity_index"": ""0"", ""user_message_count"": ""1""}","light","null","true","mobile_app","{""accept-encoding"":""gzip"",""connection"":""Keep-Alive"",""content-length"":""1117"",""content-type"":""application\/json; charset=utf-8"",""host"":""api.withgrowl.com"",""user-agent"":""okhttp\/5.2.1""}","82.168.55.77","unknown","unknown","okhttp","NL","The Netherlands","Overijssel","Enschede","2026-01-28 15:20:21"
"1ed5e655-8f13-4733-ba4a-041b3d7acc64","76bfd653-cf3f-4555-81d8-9fbe118bf1bf","6d9b645f-45d0-4c8a-af12-e3c6b41c332e-0","36d4e150-960d-4f0c-bc20-5680c84db9ec","6978d5c12de038ea7a6a3303","6978dedc5fcdebaf2551d57f","null","null","{""assistant_message_count"": ""1"", ""chat_history_length"": ""2"", ""chat_id"": ""2"", ""opportunity_index"": ""0"", ""user_message_count"": ""1""}","light","null","true","mobile_app","{""accept-encoding"":""gzip"",""connection"":""Keep-Alive"",""content-length"":""1110"",""content-type"":""application\/json; charset=utf-8"",""host"":""api.withgrowl.com"",""user-agent"":""okhttp\/5.2.1""}","82.168.55.77","unknown","unknown","okhttp","NL","The Netherlands","Overijssel","Enschede","2026-01-28 15:26:02"
"b58779a6-62d8-41da-bd27-fedcdfd3f673","90cc1a0b-9815-4933-b313-c47c5ca2f03a","43fbd5de-faf9-4c0a-b6fd-3459b2d2bc1a-0","36d4e150-960d-4f0c-bc20-5680c84db9ec","6978d5c12de038ea7a6a3303","6978dedc5fcdebaf2551d57f","null","null","{""assistant_message_count"": ""1"", ""chat_history_length"": ""2"", ""chat_id"": ""1"", ""opportunity_index"": ""0"", ""user_message_count"": ""1""}","light","null","true","mobile_app","{""accept-encoding"":""gzip"",""connection"":""Keep-Alive"",""content-length"":""466"",""content-type"":""application\/json; charset=utf-8"",""host"":""api.withgrowl.com"",""user-agent"":""okhttp\/5.2.1""}","82.168.55.77","unknown","unknown","okhttp","NL","The Netherlands","Overijssel","Enschede","2026-01-28 15:32:54"
"64d9b1bc-3e36-41ca-baf1-fb23698b38e1","90cc1a0b-9815-4933-b313-c47c5ca2f03a","52d302ba-90a7-4b3e-bc30-65d6aee0ef1a-0","36d4e150-960d-4f0c-bc20-5680c84db9ec","6978d5c12de038ea7a6a3303","6978dedc5fcdebaf2551d57f","null","null","{""assistant_message_count"": ""1"", ""chat_history_length"": ""2"", ""chat_id"": ""2"", ""opportunity_index"": ""0"", ""user_message_count"": ""1""}","light","null","true","mobile_app","{""accept-encoding"":""gzip"",""connection"":""Keep-Alive"",""content-length"":""848"",""content-type"":""application\/json; charset=utf-8"",""host"":""api.withgrowl.com"",""user-agent"":""okhttp\/5.2.1""}","82.168.55.77","unknown","unknown","okhttp","NL","The Netherlands","Overijssel","Enschede","2026-01-28 15:33:29"
"b7552b37-5e54-4d54-b6da-0a4c955edcef","d00eb058-900f-40a4-bc47-fd7dffe93912","d6c6b5d2-bb25-4781-8d69-4fa9096e9858-0","36d4e150-960d-4f0c-bc20-5680c84db9ec","6978d5c12de038ea7a6a3303","6978dedc5fcdebaf2551d57f","null","null","{""assistant_message_count"": ""1"", ""chat_history_length"": ""2"", ""chat_id"": ""4"", ""opportunity_index"": ""0"", ""user_message_count"": ""1""}","light","null","true","mobile_app","{""accept-encoding"":""gzip"",""connection"":""Keep-Alive"",""content-length"":""628"",""content-type"":""application\/json; charset=utf-8"",""host"":""api.withgrowl.com"",""user-agent"":""okhttp\/5.2.1""}","82.168.55.77","unknown","unknown","okhttp","NL","The Netherlands","Overijssel","Enschede","2026-01-28 18:04:51"
"edbdd380-465c-4d91-b5c8-174a5e8e0c34","5de6f18f-6b09-44e1-9586-ff0b7ae9f10e","3d0cad4c-e862-4e67-a8c3-e0e9bda84515-0","36d4e150-960d-4f0c-bc20-5680c84db9ec","6978d5c12de038ea7a6a3303","6978dedc5fcdebaf2551d57f","null","null","{""assistant_message_count"": ""1"", ""chat_history_length"": ""2"", ""chat_id"": ""6"", ""opportunity_index"": ""0"", ""user_message_count"": ""1""}","light","null","true","mobile_app","{""accept-encoding"":""gzip"",""connection"":""Keep-Alive"",""content-length"":""438"",""content-type"":""application\/json; charset=utf-8"",""host"":""api.withgrowl.com"",""user-agent"":""okhttp\/5.2.1""}","82.168.55.77","unknown","unknown","okhttp","NL","The Netherlands","Overijssel","Enschede","2026-01-28 19:07:16"
"79d2d433-07d6-473c-beec-f92a06a12033","d393bbbb-2d2a-464d-89f9-e709b7b44bc7","c2188474-668f-42b7-935a-060e7f84a757-0","36d4e150-960d-4f0c-bc20-5680c84db9ec","6978d5c12de038ea7a6a3303","6978dedc5fcdebaf2551d57f","null","null","{""assistant_message_count"": ""1"", ""chat_history_length"": ""2"", ""chat_id"": ""2"", ""opportunity_index"": ""0"", ""user_message_count"": ""1""}","light","null","true","mobile_app","{""accept-encoding"":""gzip"",""connection"":""Keep-Alive"",""content-length"":""649"",""content-type"":""application\/json; charset=utf-8"",""host"":""api.withgrowl.com"",""user-agent"":""okhttp\/5.2.1""}","82.168.55.77","unknown","unknown","okhttp","NL","The Netherlands","Overijssel","Enschede","2026-01-28 21:15:44"
"5a446a0f-fc1f-4db0-a841-f116b046013a","6f70efe5-3d2a-4061-bfbe-1c3b37dbd6bd","3bc42da5-d607-4a91-ab00-08ab685032ca-0","36d4e150-960d-4f0c-bc20-5680c84db9ec","6978d5c12de038ea7a6a3303","6978dedc5fcdebaf2551d57f","null","null","{""assistant_message_count"": ""1"", ""chat_history_length"": ""2"", ""chat_id"": ""1"", ""opportunity_index"": ""0"", ""user_message_count"": ""1""}","light","null","true","mobile_app","{""accept-encoding"":""gzip"",""connection"":""Keep-Alive"",""content-length"":""707"",""content-type"":""application\/json; charset=utf-8"",""host"":""api.withgrowl.com"",""user-agent"":""okhttp\/5.2.1""}","82.168.55.77","unknown","unknown","okhttp","NL","The Netherlands","Overijssel","Enschede","2026-01-29 12:20:40"
"1a576b1b-5d3e-4af4-8927-b49a530e53e4","6f70efe5-3d2a-4061-bfbe-1c3b37dbd6bd","9784c51b-11a6-42fe-a9e8-a5682600f8fe-0","36d4e150-960d-4f0c-bc20-5680c84db9ec","6978d5c12de038ea7a6a3303","6978dedc5fcdebaf2551d57f","null","null","{""assistant_message_count"": ""1"", ""chat_history_length"": ""2"", ""chat_id"": ""2"", ""opportunity_index"": ""0"", ""user_message_count"": ""1""}","light","null","true","mobile_app","{""accept-encoding"":""gzip"",""connection"":""Keep-Alive"",""content-length"":""714"",""content-type"":""application\/json; charset=utf-8"",""host"":""api.withgrowl.com"",""user-agent"":""okhttp\/5.2.1""}","82.168.55.77","unknown","unknown","okhttp","NL","The Netherlands","Overijssel","Enschede","2026-01-29 12:21:27"
"dcf76c07-8d39-4def-90bf-c745d819f129","09e8a012-9f95-4399-9acc-8185f3f5d1a2","ef36375d-0232-47b9-bb92-b8e8f9109ed0-0","a1013dca-7d78-498e-ae0c-0478ca48df3a","6978d5c12de038ea7a6a3303","6978dedc5fcdebaf2551d57f","null","null","{""assistant_message_count"": ""1"", ""chat_history_length"": ""2"", ""chat_id"": ""1"", ""opportunity_index"": ""0"", ""user_message_count"": ""1""}","light","null","true","mobile_app","{""accept-encoding"":""gzip"",""connection"":""Keep-Alive"",""content-length"":""1495"",""content-type"":""application\/json; charset=utf-8"",""host"":""api.withgrowl.com"",""user-agent"":""okhttp\/5.2.1""}","37.182.178.170","unknown","unknown","okhttp","IT","Italy","Provincia di Lecce","Lecce","2026-01-29 14:41:01"
"94d0cebe-8663-4515-9773-8e92b806eea3","09e8a012-9f95-4399-9acc-8185f3f5d1a2","1bec4b93-7bb3-42b5-9333-be208eb9e45d-0","a1013dca-7d78-498e-ae0c-0478ca48df3a","6978d5c12de038ea7a6a3303","6978dedc5fcdebaf2551d57f","null","null","{""assistant_message_count"": ""2"", ""chat_history_length"": ""4"", ""chat_id"": ""1"", ""opportunity_index"": ""0"", ""user_message_count"": ""2""}","light","null","true","mobile_app","{""accept-encoding"":""gzip"",""connection"":""Keep-Alive"",""content-length"":""2081"",""content-type"":""application\/json; charset=utf-8"",""host"":""api.withgrowl.com"",""user-agent"":""okhttp\/5.2.1""}","37.182.178.170","unknown","unknown","okhttp","IT","Italy","Provincia di Lecce","Lecce","2026-01-29 14:49:46"
"7d4f5ed3-146e-4ac8-9c59-51a40ca2cb6a","09e8a012-9f95-4399-9acc-8185f3f5d1a2","de097eff-f002-4fe9-90cf-6b5fc14dd754-0","a1013dca-7d78-498e-ae0c-0478ca48df3a","6978d5c12de038ea7a6a3303","6978dedc5fcdebaf2551d57f","null","null","{""assistant_message_count"": ""3"", ""chat_history_length"": ""6"", ""chat_id"": ""1"", ""opportunity_index"": ""0"", ""user_message_count"": ""3""}","light","null","true","mobile_app","{""accept-encoding"":""gzip"",""connection"":""Keep-Alive"",""content-length"":""3621"",""content-type"":""application\/json; charset=utf-8"",""host"":""api.withgrowl.com"",""user-agent"":""okhttp\/5.2.1""}","37.182.178.170","unknown","unknown","okhttp","IT","Italy","Provincia di Lecce","Lecce","2026-01-29 14:52:30"
"ee2d6c31-78df-4d32-a033-6b57339d81d6","09e8a012-9f95-4399-9acc-8185f3f5d1a2","1d2b1dd7-23e6-40c6-9988-2ecc1553ca82-0","a1013dca-7d78-498e-ae0c-0478ca48df3a","6978d5c12de038ea7a6a3303","6978dedc5fcdebaf2551d57f","null","null","{""assistant_message_count"": ""5"", ""chat_history_length"": ""10"", ""chat_id"": ""1"", ""opportunity_index"": ""0"", ""user_message_count"": ""5""}","light","null","true","mobile_app","{""accept-encoding"":""gzip"",""connection"":""Keep-Alive"",""content-length"":""7507"",""content-type"":""application\/json; charset=utf-8"",""host"":""api.withgrowl.com"",""user-agent"":""okhttp\/5.2.1""}","37.182.178.170","unknown","unknown","okhttp","IT","Italy","Provincia di Lecce","Lecce","2026-01-29 15:06:13"
"491419e0-cecf-48a1-b2b9-a6183412ab2e","b0377583-8c04-4b2c-a649-0d175b2a9a4c","3763a042-6735-45b9-84a8-b6df73b669ba-0","739b9f1c-9320-4579-8db2-ab0e2108ad7e","6978d5c12de038ea7a6a3303","6978dedc5fcdebaf2551d57f","null","null","{""assistant_message_count"": ""3"", ""chat_history_length"": ""6"", ""chat_id"": ""1"", ""opportunity_index"": ""0"", ""user_message_count"": ""3""}","light","null","true","mobile_app","{""accept-encoding"":""gzip"",""connection"":""Keep-Alive"",""content-length"":""5911"",""content-type"":""application\/json; charset=utf-8"",""host"":""api.withgrowl.com"",""user-agent"":""okhttp\/5.2.1""}","73.16.165.208","unknown","unknown","okhttp","US","United States","Massachusetts","Bellingham","2026-01-29 20:45:17"
"5b52f67d-0d4c-4df7-9783-b8b180352110","975e0c2b-2bfc-44f4-b1ed-0534a25ed1bd","91926ee2-03c8-4470-80c1-c2c113ca827e-0","e99567ac-0511-498f-ba1f-5650e51bf397","6978d5c12de038ea7a6a3303","6978dedc5fcdebaf2551d57f","null","null","{""assistant_message_count"": ""1"", ""chat_history_length"": ""2"", ""chat_id"": ""2"", ""opportunity_index"": ""0"", ""user_message_count"": ""1""}","light","null","true","mobile_app","{""accept-encoding"":""gzip"",""connection"":""Keep-Alive"",""content-length"":""622"",""content-type"":""application\/json; charset=utf-8"",""host"":""api.withgrowl.com"",""user-agent"":""okhttp\/5.2.1""}","32.212.25.214","unknown","unknown","okhttp","US","United States","Connecticut","New Haven","2026-01-29 21:04:52"
"2b0234a2-17a3-4588-a755-ba86e5ca479b","02e82f53-462d-4b38-9f4a-dc2a3a9d5d6f","86321935-d6ab-493c-a6c7-0b5e3449aae9-0","b7db306a-9075-4ee7-a495-692d4f58f0c2","6978d5c12de038ea7a6a3303","6978dedc5fcdebaf2551d57f","null","null","{""assistant_message_count"": ""1"", ""chat_history_length"": ""2"", ""chat_id"": ""36"", ""opportunity_index"": ""0"", ""user_message_count"": ""1""}","light","null","true","mobile_app","{""accept-encoding"":""gzip"",""connection"":""Keep-Alive"",""content-length"":""845"",""content-type"":""application\/json; charset=utf-8"",""host"":""api.withgrowl.com"",""user-agent"":""okhttp\/5.2.1""}","88.169.9.135","unknown","unknown","okhttp","FR","France","Vaucluse","Valréas","2026-02-07 13:33:03"
"9971891e-fda7-4121-a155-b8912c2612eb","e1826264-d6ef-4644-a1f4-f0dec6ef7325","289afa1f-c4c6-4785-863e-ce59ad77a978-0","anon_5141f9c8-7e92-4571-889c-f7ebbe13a9ca","6978d5c12de038ea7a6a3303","6978dedc5fcdebaf2551d57f","null","null","{""assistant_message_count"": ""1"", ""chat_history_length"": ""2"", ""chat_id"": ""1"", ""opportunity_index"": ""0"", ""user_message_count"": ""1""}","light","null","true","mobile_app","{""accept-encoding"":""gzip"",""connection"":""Keep-Alive"",""content-length"":""552"",""content-type"":""application\/json; charset=utf-8"",""host"":""api.withgrowl.com"",""user-agent"":""okhttp\/5.2.1""}","156.199.27.231","unknown","unknown","okhttp","EG","Egypt","Monufia","Menouf","2026-02-07 14:51:04"
"06d1a40c-fa09-44f8-92d1-9b75f6153a11","e1826264-d6ef-4644-a1f4-f0dec6ef7325","902c4653-c8f4-41df-a46e-f144d451d6b9-0","anon_5141f9c8-7e92-4571-889c-f7ebbe13a9ca","6978d5c12de038ea7a6a3303","6978dedc5fcdebaf2551d57f","null","null","{""assistant_message_count"": ""3"", ""chat_history_length"": ""6"", ""chat_id"": ""1"", ""opportunity_index"": ""0"", ""user_message_count"": ""3""}","light","null","true","mobile_app","{""accept-encoding"":""gzip"",""connection"":""Keep-Alive"",""content-length"":""1728"",""content-type"":""application\/json; charset=utf-8"",""host"":""api.withgrowl.com"",""user-agent"":""okhttp\/5.2.1""}","156.199.27.231","unknown","unknown","okhttp","EG","Egypt","Monufia","Menouf","2026-02-07 14:52:05"
"c046f711-f71c-4667-b208-5e339a679383","15be92e4-4105-445e-83e2-49cc0a994832","d53c9f96-f472-4d3a-ba0f-12030277064f-0","a346a318-0082-4b40-a576-defc7afde86d","6978d5c12de038ea7a6a3303","6978dedc5fcdebaf2551d57f","null","null","{""assistant_message_count"": ""4"", ""chat_history_length"": ""8"", ""chat_id"": ""1"", ""opportunity_index"": ""0"", ""user_message_count"": ""4""}","light","null","true","mobile_app","{""accept-encoding"":""gzip"",""connection"":""Keep-Alive"",""content-length"":""3128"",""content-type"":""application\/json; charset=utf-8"",""host"":""api.withgrowl.com"",""user-agent"":""okhttp\/5.2.1""}","196.156.64.43","unknown","unknown","okhttp","EG","Egypt","Cairo Governorate","Cairo","2026-02-08 12:02:19"
"e95375ac-1303-4b81-a958-d74856261dc8","15be92e4-4105-445e-83e2-49cc0a994832","3cdc3087-c5fb-46ee-afa8-ed578c3bb9f8-0","a346a318-0082-4b40-a576-defc7afde86d","6978d5c12de038ea7a6a3303","6978dedc5fcdebaf2551d57f","null","null","{""assistant_message_count"": ""5"", ""chat_history_length"": ""10"", ""chat_id"": ""1"", ""opportunity_index"": ""0"", ""user_message_count"": ""5""}","light","null","true","mobile_app","{""accept-encoding"":""gzip"",""connection"":""Keep-Alive"",""content-length"":""3604"",""content-type"":""application\/json; charset=utf-8"",""host"":""api.withgrowl.com"",""user-agent"":""okhttp\/5.2.1""}","196.156.64.43","unknown","unknown","okhttp","EG","Egypt","Cairo Governorate","Cairo","2026-02-08 12:04:12"
"904ebc91-0f5d-4597-a96a-6d90ac4a17be","dcaf4e82-b1b6-47f9-9bcf-0e422b86fd88","5722cce8-7513-47c8-922f-2ea73628680e-0","965a51f5-e08e-4ce6-b252-90b12d437bf8","6978d5c12de038ea7a6a3303","6978dedc5fcdebaf2551d57f","null","null","{""assistant_message_count"": ""1"", ""chat_history_length"": ""2"", ""chat_id"": ""5"", ""opportunity_index"": ""0"", ""user_message_count"": ""1""}","light","null","true","mobile_app","{""accept-encoding"":""gzip"",""connection"":""Keep-Alive"",""content-length"":""1050"",""content-type"":""application\/json; charset=utf-8"",""host"":""api.withgrowl.com"",""user-agent"":""okhttp\/5.2.1""}","99.102.29.128","unknown","unknown","okhttp","US","United States","Louisiana","Opelousas","2026-02-08 14:00:38"
"79726e51-d930-45dc-8a6d-0ff8d61eb30e","68e6019f-111b-428c-99ed-0ff428e0e3d7","751ba475-cdb3-4b80-8010-736ea80f5238-0","28490e12-e225-4ff3-b93e-91b005b46ca7","6978d5c12de038ea7a6a3303","6978dedc5fcdebaf2551d57f","null","null","{""assistant_message_count"": ""5"", ""chat_history_length"": ""9"", ""chat_id"": ""11"", ""opportunity_index"": ""0"", ""user_message_count"": ""4""}","light","null","true","mobile_app","{""accept-encoding"":""gzip"",""connection"":""Keep-Alive"",""content-length"":""6223"",""content-type"":""application\/json; charset=utf-8"",""host"":""api.withgrowl.com"",""user-agent"":""okhttp\/5.2.1""}","76.38.205.77","unknown","unknown","okhttp","US","United States","New York","Watertown","2026-02-24 18:02:02"
"8a99876a-b0a4-4543-bb36-99d60667bcf4","a702677e-3966-4516-a7e7-7d897498db65","80fa26e1-2094-4515-a556-800ec4c97bc3-0","8877513f-9479-4abe-8aa2-b2d6491d0dc6","6978d5c12de038ea7a6a3303","6978dedc5fcdebaf2551d57f","null","null","{""assistant_message_count"": ""1"", ""chat_history_length"": ""2"", ""chat_id"": ""3"", ""opportunity_index"": ""0"", ""user_message_count"": ""1""}","light","null","true","mobile_app","{""accept-encoding"":""gzip"",""connection"":""Keep-Alive"",""content-length"":""488"",""content-type"":""application\/json; charset=utf-8"",""host"":""api.withgrowl.com"",""user-agent"":""okhttp\/5.2.1""}","223.238.113.187","unknown","unknown","okhttp","IN","India","Assam","Guwahati","2026-01-30 13:59:45"
"0a88d33b-2e7b-4ef2-b159-f2cddbb4d195","a702677e-3966-4516-a7e7-7d897498db65","08bc1b20-0bea-4299-a603-3e450026a65b-0","8877513f-9479-4abe-8aa2-b2d6491d0dc6","6978d5c12de038ea7a6a3303","6978dedc5fcdebaf2551d57f","null","null","{""assistant_message_count"": ""2"", ""chat_history_length"": ""3"", ""chat_id"": ""3"", ""opportunity_index"": ""0"", ""user_message_count"": ""1""}","light","null","true","mobile_app","{""accept-encoding"":""gzip"",""connection"":""Keep-Alive"",""content-length"":""738"",""content-type"":""application\/json; charset=utf-8"",""host"":""api.withgrowl.com"",""user-agent"":""okhttp\/5.2.1""}","223.238.113.187","unknown","unknown","okhttp","IN","India","Assam","Guwahati","2026-01-30 14:00:25"
"75e853d2-bb6c-4f7c-a010-9506c707480d","d68ca078-e009-4b47-acd2-1a8f4fd02165","70f8353b-6462-4e51-b64c-f7ebd28b6ec0-0","8ba7eab1-6e7d-44e7-82ae-0ab55d4f561d","6978d5c12de038ea7a6a3303","6978dedc5fcdebaf2551d57f","null","null","{""assistant_message_count"": ""1"", ""chat_history_length"": ""2"", ""chat_id"": ""1"", ""opportunity_index"": ""0"", ""user_message_count"": ""1""}","light","null","true","mobile_app","{""accept-encoding"":""gzip"",""connection"":""Keep-Alive"",""content-length"":""2309"",""content-type"":""application\/json; charset=utf-8"",""host"":""api.withgrowl.com"",""user-agent"":""okhttp\/5.2.1""}","151.18.255.101","unknown","unknown","okhttp","IT","Italy","unknown","unknown","2026-01-30 23:54:50"
"8f78c6c9-e1e1-4a82-9eab-28bccc4cc61d","6e878887-aebf-4364-b1a4-ea2b33dd0f40","0a42b579-fa7e-4dc8-a3ab-2b5e818dd6c4-0","anon_2b5c73d7-3bfd-4db0-aed8-85a05911d31e","6978d5c12de038ea7a6a3303","6978dedc5fcdebaf2551d57f","null","null","{""assistant_message_count"": ""1"", ""chat_history_length"": ""2"", ""chat_id"": ""1"", ""opportunity_index"": ""0"", ""user_message_count"": ""1""}","light","null","true","mobile_app","{""accept-encoding"":""gzip"",""connection"":""Keep-Alive"",""content-length"":""1032"",""content-type"":""application\/json; charset=utf-8"",""host"":""api.withgrowl.com"",""user-agent"":""okhttp\/5.2.1""}","166.198.161.18","unknown","unknown","okhttp","US","United States","Georgia","Conyers","2026-01-31 05:20:52"
"30186d4d-0583-4613-b62a-29e5ea13a35f","24ec4397-1c00-465a-bf84-8f9e41758fc9","9a664fde-fdc1-4673-a1eb-1ccad855513f-0","739b9f1c-9320-4579-8db2-ab0e2108ad7e","6978d5c12de038ea7a6a3303","6978dedc5fcdebaf2551d57f","null","null","{""assistant_message_count"": ""2"", ""chat_history_length"": ""4"", ""chat_id"": ""3"", ""opportunity_index"": ""0"", ""user_message_count"": ""2""}","light","null","true","mobile_app","{""accept-encoding"":""gzip"",""connection"":""Keep-Alive"",""content-length"":""2613"",""content-type"":""application\/json; charset=utf-8"",""host"":""api.withgrowl.com"",""user-agent"":""okhttp\/5.2.1""}","73.16.165.208","unknown","unknown","okhttp","US","United States","Massachusetts","Bellingham","2026-01-31 11:26:14"
"27215ab1-500c-4806-bb06-f977b229b53c","c4ba47c3-23e5-4332-a7db-93c3f2156796","7aeb533a-6e49-4695-b65b-9e4b8ca0a03d-0","b3bc63af-d1ac-46e0-9d58-82051ed194ee","6978d5c12de038ea7a6a3303","6978dedc5fcdebaf2551d57f","null","null","{""assistant_message_count"": ""2"", ""chat_history_length"": ""3"", ""chat_id"": ""2"", ""opportunity_index"": ""0"", ""user_message_count"": ""1""}","light","null","true","mobile_app","{""accept-encoding"":""gzip"",""connection"":""Keep-Alive"",""content-length"":""845"",""content-type"":""application\/json; charset=utf-8"",""host"":""api.withgrowl.com"",""user-agent"":""okhttp\/5.2.1""}","172.56.79.211","unknown","unknown","okhttp","US","United States","Florida","Orlando","2026-01-31 20:10:00"
"fae4ddf4-19ad-4969-81d5-b57927c16db5","70b84e86-fb8e-4447-9344-f588d0f5e97c","57742f10-2e6c-41d2-bd9b-c959fbc45f84-0","anon_ecf002a7-3777-43ba-aa33-ee49f440057e","6978d5c12de038ea7a6a3303","6978dedc5fcdebaf2551d57f","null","null","{""assistant_message_count"": ""1"", ""chat_history_length"": ""2"", ""chat_id"": ""6"", ""opportunity_index"": ""0"", ""user_message_count"": ""1""}","light","null","true","mobile_app","{""accept-encoding"":""gzip"",""connection"":""Keep-Alive"",""content-length"":""1992"",""content-type"":""application\/json; charset=utf-8"",""host"":""api.withgrowl.com"",""user-agent"":""okhttp\/5.2.1""}","212.194.90.62","unknown","unknown","okhttp","FR","France","Puy-de-Dôme","Clermont-Ferrand","2026-01-31 21:43:06"
"8064bc6c-4334-4ec9-b562-d9e20f8c92e6","6fd149b5-6c78-4397-878d-a31067428d9a","b0a87292-6cf8-44b4-b90f-ef027d810a24-0","anon_7388f1a5-630e-4890-9c16-5235272a1b99","6978d5c12de038ea7a6a3303","6978dedc5fcdebaf2551d57f","null","null","{""assistant_message_count"": ""2"", ""chat_history_length"": ""4"", ""chat_id"": ""1"", ""opportunity_index"": ""0"", ""user_message_count"": ""2""}","light","null","true","mobile_app","{""accept-encoding"":""gzip"",""connection"":""Keep-Alive"",""content-length"":""1234"",""content-type"":""application\/json; charset=utf-8"",""host"":""api.withgrowl.com"",""user-agent"":""okhttp\/5.2.1""}","88.175.18.119","unknown","unknown","okhttp","FR","France","Bouches-du-Rhône","Marseille","2026-02-25 02:36:40"
"b67bbf83-75b7-460f-a27d-5ab98fcf4791","6fd149b5-6c78-4397-878d-a31067428d9a","096ed928-cdbf-4df4-ac61-a9427f78b62a-0","anon_7388f1a5-630e-4890-9c16-5235272a1b99","6978d5c12de038ea7a6a3303","6978dedc5fcdebaf2551d57f","null","null","{""assistant_message_count"": ""5"", ""chat_history_length"": ""10"", ""chat_id"": ""1"", ""opportunity_index"": ""0"", ""user_message_count"": ""5""}","light","null","true","mobile_app","{""accept-encoding"":""gzip"",""connection"":""Keep-Alive"",""content-length"":""3720"",""content-type"":""application\/json; charset=utf-8"",""host"":""api.withgrowl.com"",""user-agent"":""okhttp\/5.2.1""}","88.175.18.119","unknown","unknown","okhttp","FR","France","Bouches-du-Rhône","Marseille","2026-02-25 02:40:57"
"9427e522-6e13-4902-8280-e1af11ff8cc8","ed7291c9-919d-4d2e-bf04-8c457728d243","3a513c28-fc01-46db-8f91-90392b9eb569-0","5cb59d4a-d9ec-4a72-a92c-117d88350652","6978d5c12de038ea7a6a3303","6978dedc5fcdebaf2551d57f","null","null","{""assistant_message_count"": ""1"", ""chat_history_length"": ""2"", ""chat_id"": ""3"", ""opportunity_index"": ""0"", ""user_message_count"": ""1""}","light","null","true","mobile_app","{""accept-encoding"":""gzip"",""connection"":""Keep-Alive"",""content-length"":""1358"",""content-type"":""application\/json; charset=utf-8"",""host"":""api.withgrowl.com"",""user-agent"":""okhttp\/5.2.1""}","95.85.163.212","unknown","unknown","okhttp","RS","Serbia","North Banat","Kanjiža","2026-02-09 17:12:04"
"ef83a496-2f74-400f-8dc5-bece249089d5","4b7c6b5b-9a27-42b6-b36d-5b0b0cb2940a","e8afd5db-99fb-4392-8e3b-348d5b99898e-0","13343401-a266-4438-bc1e-e51d2a4f8cf2","6978d5c12de038ea7a6a3303","6978dedc5fcdebaf2551d57f","null","null","{""assistant_message_count"": ""1"", ""chat_history_length"": ""2"", ""chat_id"": ""2"", ""opportunity_index"": ""0"", ""user_message_count"": ""1""}","light","null","true","mobile_app","{""accept-encoding"":""gzip"",""connection"":""Keep-Alive"",""content-length"":""1511"",""content-type"":""application\/json; charset=utf-8"",""host"":""api.withgrowl.com"",""user-agent"":""okhttp\/5.2.1""}","151.66.215.97","unknown","unknown","okhttp","IT","Italy","Province of Milan","Paderno Dugnano","2026-02-01 12:33:12"
"a2a66f88-b095-42ec-85cd-3ecabaa218a6","97d64b80-596e-4bd6-9374-9a7357108cd3","f54064eb-d8ec-48cb-8cbc-c5ec7f0a1f5b-0","04d9ad82-678c-48e1-8ec0-2908b07611c9","6978d5c12de038ea7a6a3303","6978dedc5fcdebaf2551d57f","null","null","{""assistant_message_count"": ""1"", ""chat_history_length"": ""2"", ""chat_id"": ""4"", ""opportunity_index"": ""0"", ""user_message_count"": ""1""}","light","null","true","mobile_app","{""accept-encoding"":""gzip"",""connection"":""Keep-Alive"",""content-length"":""880"",""content-type"":""application\/json; charset=utf-8"",""host"":""api.withgrowl.com"",""user-agent"":""okhttp\/5.2.1""}","92.206.191.52","unknown","unknown","okhttp","DE","Germany","Saxony","Leipzig","2026-02-01 14:13:23"
"d505128a-02f5-42d4-9154-a853660ace2d","308ae331-4b8c-4944-9b31-1d128b1e33d9","d50a5955-efa3-4a66-a62a-b18f172ce4c1-0","7a820d07-6006-4a1a-bc82-066b14740426","6978d5c12de038ea7a6a3303","6978dedc5fcdebaf2551d57f","null","null","{""assistant_message_count"": ""3"", ""chat_history_length"": ""5"", ""chat_id"": ""1"", ""opportunity_index"": ""0"", ""user_message_count"": ""2""}","light","null","true","mobile_app","{""accept-encoding"":""gzip"",""connection"":""Keep-Alive"",""content-length"":""1167"",""content-type"":""application\/json; charset=utf-8"",""host"":""api.withgrowl.com"",""user-agent"":""okhttp\/5.2.1""}","73.90.142.91","unknown","unknown","okhttp","US","United States","California","Kerman","2026-02-01 20:48:51"
"1d0e0af3-38ab-40d7-8534-19bac2b540c1","4533329a-ad9e-4d7c-80f3-d408cc910e2d","73aa2e11-c6ee-4085-9279-87406ba5bc04-0","b3bc63af-d1ac-46e0-9d58-82051ed194ee","6978d5c12de038ea7a6a3303","6978dedc5fcdebaf2551d57f","null","null","{""assistant_message_count"": ""1"", ""chat_history_length"": ""2"", ""chat_id"": ""6"", ""opportunity_index"": ""0"", ""user_message_count"": ""1""}","light","null","true","mobile_app","{""accept-encoding"":""gzip"",""connection"":""Keep-Alive"",""content-length"":""476"",""content-type"":""application\/json; charset=utf-8"",""host"":""api.withgrowl.com"",""user-agent"":""okhttp\/5.2.1""}","172.56.79.119","unknown","unknown","okhttp","US","United States","Florida","Orlando","2026-02-01 22:51:18"
"f721cf63-482f-4945-ac81-904953eadb59","cc3e73ab-c6f0-4dbf-ad15-b09d94398c34","a6d904ed-68ea-46c0-acbf-d276e16b557a-0","ee89a64d-d3c8-4c7a-aefd-314adafb1764","6978d5c12de038ea7a6a3303","6978dedc5fcdebaf2551d57f","null","null","{""assistant_message_count"": ""1"", ""chat_history_length"": ""2"", ""chat_id"": ""3"", ""opportunity_index"": ""0"", ""user_message_count"": ""1""}","light","null","true","mobile_app","{""accept-encoding"":""gzip"",""connection"":""Keep-Alive"",""content-length"":""755"",""content-type"":""application\/json; charset=utf-8"",""host"":""api.withgrowl.com"",""user-agent"":""okhttp\/5.2.1""}","89.177.218.163","unknown","unknown","okhttp","CZ","Czechia","Zlín District","Zlín","2026-02-27 19:47:34"
"ade1bf94-882e-49a4-9c54-c9f4318025ae","cc3e73ab-c6f0-4dbf-ad15-b09d94398c34","facd6749-943c-4396-bc9b-f67eed75d749-0","ee89a64d-d3c8-4c7a-aefd-314adafb1764","6978d5c12de038ea7a6a3303","6978dedc5fcdebaf2551d57f","null","null","{""assistant_message_count"": ""2"", ""chat_history_length"": ""4"", ""chat_id"": ""3"", ""opportunity_index"": ""0"", ""user_message_count"": ""2""}","light","null","true","mobile_app","{""accept-encoding"":""gzip"",""connection"":""Keep-Alive"",""content-length"":""1194"",""content-type"":""application\/json; charset=utf-8"",""host"":""api.withgrowl.com"",""user-agent"":""okhttp\/5.2.1""}","89.177.218.163","unknown","unknown","okhttp","CZ","Czechia","Zlín District","Zlín","2026-02-27 19:47:45"
"20b3e4ff-ff96-4b65-8264-c12263d06ad9","00cef51b-5d5b-4153-b867-b84bd8e897e6","cd80d776-db96-4f72-9eb1-d32ebdc4a54f-0","b595fdba-357c-4f31-9716-53c21554e677","6978d5c12de038ea7a6a3303","6978dedc5fcdebaf2551d57f","null","null","{""assistant_message_count"": ""5"", ""chat_history_length"": ""10"", ""chat_id"": ""1"", ""opportunity_index"": ""0"", ""user_message_count"": ""5""}","light","null","true","mobile_app","{""accept-encoding"":""gzip"",""connection"":""Keep-Alive"",""content-length"":""1806"",""content-type"":""application\/json; charset=utf-8"",""host"":""api.withgrowl.com"",""user-agent"":""okhttp\/5.2.1""}","78.156.48.180","unknown","unknown","okhttp","CZ","Czechia","Sokolov District","Sokolov","2026-02-27 21:12:32"
"117498d1-6be0-465e-8905-b82bd2245b91","30cf6c6a-fa93-49e9-9af9-82b05c84f3f9","2094207b-b676-4e85-a27d-341d1a497236-0","90bb40db-50b9-4f2b-96d7-06ac5ddec8af","6978d5c12de038ea7a6a3303","6978dedc5fcdebaf2551d57f","null","null","{""assistant_message_count"": ""1"", ""chat_history_length"": ""2"", ""chat_id"": ""1"", ""opportunity_index"": ""0"", ""user_message_count"": ""1""}","light","null","true","mobile_app","{""accept-encoding"":""gzip"",""connection"":""Keep-Alive"",""content-length"":""1001"",""content-type"":""application\/json; charset=utf-8"",""host"":""api.withgrowl.com"",""user-agent"":""okhttp\/5.2.1""}","156.209.138.24","unknown","unknown","okhttp","EG","Egypt","Asyut","Asyut","2026-02-10 00:08:23"
"905aaeb0-619a-4363-b713-2c4abf8cd67e","a139072d-a59a-4cde-a63a-4c88bafa9537","d1c10933-1d72-4e66-a96d-03f194cb6c39-0","c072de6c-e4d1-40b2-9f22-d041ba5cd542","6978d5c12de038ea7a6a3303","6978dedc5fcdebaf2551d57f","null","null","{""assistant_message_count"": ""2"", ""chat_history_length"": ""3"", ""chat_id"": ""1"", ""opportunity_index"": ""0"", ""user_message_count"": ""1""}","light","null","true","mobile_app","{""accept-encoding"":""gzip"",""connection"":""Keep-Alive"",""content-length"":""1312"",""content-type"":""application\/json; charset=utf-8"",""host"":""api.withgrowl.com"",""user-agent"":""okhttp\/5.2.1""}","89.165.234.13","unknown","unknown","okhttp","RO","Romania","Ilfov","Voluntari","2026-02-10 12:18:43"
"55535814-c55a-4f4f-8467-8174daee0e86","a62468fc-9003-400a-a5bf-d435e1fcbeef","47852e3a-da95-4d2d-a194-2a5e79c87552-0","85056bd5-bef6-414b-8ab2-13c85b289da9","6978d5c12de038ea7a6a3303","6978dedc5fcdebaf2551d57f","null","null","{""assistant_message_count"": ""1"", ""chat_history_length"": ""2"", ""chat_id"": ""2"", ""opportunity_index"": ""0"", ""user_message_count"": ""1""}","light","null","true","mobile_app","{""accept-encoding"":""gzip"",""connection"":""Keep-Alive"",""content-length"":""690"",""content-type"":""application\/json; charset=utf-8"",""host"":""api.withgrowl.com"",""user-agent"":""okhttp\/5.2.1""}","82.168.55.77","unknown","unknown","okhttp","NL","The Netherlands","Overijssel","Enschede","2026-02-10 16:54:19"
"32185387-578a-46f3-b5c9-9b83a59b5174","a62468fc-9003-400a-a5bf-d435e1fcbeef","1f332bb7-8d06-4673-8ea8-01ff12867324-0","85056bd5-bef6-414b-8ab2-13c85b289da9","6978d5c12de038ea7a6a3303","6978dedc5fcdebaf2551d57f","null","null","{""assistant_message_count"": ""1"", ""chat_history_length"": ""2"", ""chat_id"": ""3"", ""opportunity_index"": ""0"", ""user_message_count"": ""1""}","light","null","true","mobile_app","{""accept-encoding"":""gzip"",""connection"":""Keep-Alive"",""content-length"":""624"",""content-type"":""application\/json; charset=utf-8"",""host"":""api.withgrowl.com"",""user-agent"":""okhttp\/5.2.1""}","82.168.55.77","unknown","unknown","okhttp","NL","The Netherlands","Overijssel","Enschede","2026-02-10 16:55:00"
"39439ac5-5c2d-4f23-a11d-4c24f1095322","1e3f4b75-c598-462c-b6bb-644d44ef0b1f","d1124f3b-835d-454c-887e-3f4a86ed9d29-0","902a3d6f-1fe9-4444-bbbd-f4d2f2676328","6978d5c12de038ea7a6a3303","6978dedc5fcdebaf2551d57f","null","null","{""assistant_message_count"": ""3"", ""chat_history_length"": ""6"", ""chat_id"": ""2"", ""opportunity_index"": ""0"", ""user_message_count"": ""3""}","light","null","true","mobile_app","{""accept-encoding"":""gzip"",""connection"":""Keep-Alive"",""content-length"":""2865"",""content-type"":""application\/json; charset=utf-8"",""host"":""api.withgrowl.com"",""user-agent"":""okhttp\/5.2.1""}","153.92.39.226","unknown","unknown","okhttp","DE","Germany","Schleswig-Holstein","Kosel","2026-02-12 23:59:38"
"3e90860f-9c7a-463f-80b0-a3516c0e30ce","28bdb455-e6a3-46c3-8dd3-25362cbe7340","6e68b5c4-dcc1-4986-9163-0c72f441d71b-0","b986a572-bdea-42a3-a024-fc15bbd4f896","6978d5c12de038ea7a6a3303","6978dedc5fcdebaf2551d57f","null","null","{""assistant_message_count"": ""3"", ""chat_history_length"": ""6"", ""chat_id"": ""1"", ""opportunity_index"": ""0"", ""user_message_count"": ""3""}","light","null","true","mobile_app","{""accept-encoding"":""gzip"",""connection"":""Keep-Alive"",""content-length"":""4556"",""content-type"":""application\/json; charset=utf-8"",""host"":""api.withgrowl.com"",""user-agent"":""okhttp\/5.2.1""}","108.147.206.0","unknown","unknown","okhttp","US","United States","Texas","Dallas","2026-02-02 11:33:17"
"719bae15-3bd4-49b3-9c8a-0f223752a0f5","94bfde9c-f6b1-4182-8641-4180b6c72a09","7685973b-c702-42ee-9cfd-d8ee23f50c5a-0","b7db306a-9075-4ee7-a495-692d4f58f0c2","6978d5c12de038ea7a6a3303","6978dedc5fcdebaf2551d57f","null","null","{""assistant_message_count"": ""1"", ""chat_history_length"": ""2"", ""chat_id"": ""31"", ""opportunity_index"": ""0"", ""user_message_count"": ""1""}","light","null","true","mobile_app","{""accept-encoding"":""gzip"",""connection"":""Keep-Alive"",""content-length"":""1393"",""content-type"":""application\/json; charset=utf-8"",""host"":""api.withgrowl.com"",""user-agent"":""okhttp\/5.2.1""}","88.169.9.135","unknown","unknown","okhttp","FR","France","Vaucluse","Valréas","2026-02-02 15:19:25"
"e40c2e4e-58b0-46b6-9a4d-ad2ba7d1d7df","db54548e-8cb1-436c-8db3-fbe26993c9ea","2b4d9dc4-03ca-43d7-8a50-033ebad48725-0","4086486f-b885-4a36-b79c-2dcb1060584c","6978d5c12de038ea7a6a3303","6978dedc5fcdebaf2551d57f","null","null","{""assistant_message_count"": ""3"", ""chat_history_length"": ""5"", ""chat_id"": ""2"", ""opportunity_index"": ""0"", ""user_message_count"": ""2""}","light","null","true","mobile_app","{""accept-encoding"":""gzip"",""connection"":""Keep-Alive"",""content-length"":""4748"",""content-type"":""application\/json; charset=utf-8"",""host"":""api.withgrowl.com"",""user-agent"":""okhttp\/5.2.1""}","93.192.70.197","unknown","unknown","okhttp","DE","Germany","Mecklenburg-Vorpommern","Parchim","2026-02-02 16:02:29"
"edd6601c-222b-4eed-866e-1bb2b43ade50","db54548e-8cb1-436c-8db3-fbe26993c9ea","c8d61c6c-0206-4409-8531-4ad1e15f8fc5-0","4086486f-b885-4a36-b79c-2dcb1060584c","6978d5c12de038ea7a6a3303","6978dedc5fcdebaf2551d57f","null","null","{""assistant_message_count"": ""4"", ""chat_history_length"": ""7"", ""chat_id"": ""2"", ""opportunity_index"": ""0"", ""user_message_count"": ""3""}","light","null","true","mobile_app","{""accept-encoding"":""gzip"",""connection"":""Keep-Alive"",""content-length"":""5927"",""content-type"":""application\/json; charset=utf-8"",""host"":""api.withgrowl.com"",""user-agent"":""okhttp\/5.2.1""}","93.192.70.197","unknown","unknown","okhttp","DE","Germany","Mecklenburg-Vorpommern","Parchim","2026-02-02 16:07:43"
"c69c356d-4b0e-4646-b0e8-b40b31de2ba2","c1fad696-a592-4d13-ac47-c3338c3bce6c","92aa06b4-8e55-4637-928a-58a08d2e85aa-0","b66b6f68-d459-49ba-81be-d046d484289e","6978d5c12de038ea7a6a3303","6978dedc5fcdebaf2551d57f","null","null","{""assistant_message_count"": ""1"", ""chat_history_length"": ""2"", ""chat_id"": ""4"", ""opportunity_index"": ""0"", ""user_message_count"": ""1""}","light","null","true","mobile_app","{""accept-encoding"":""gzip"",""connection"":""Keep-Alive"",""content-length"":""867"",""content-type"":""application\/json; charset=utf-8"",""host"":""api.withgrowl.com"",""user-agent"":""okhttp\/5.2.1""}","178.52.160.154","unknown","unknown","okhttp","SY","Syria","Homs Governorate","Homs","2026-02-28 01:10:53"
"00d7e763-715b-4113-958e-6d52af12b5f5","32755970-0953-4a25-8245-0549bbe3521d","ed05cb2f-f3fb-4e85-a395-d29d1969ac5d-0","anon_46b0376d-42fb-469e-a311-4de557e053ca","6978d5c12de038ea7a6a3303","6978dedc5fcdebaf2551d57f","null","null","{""assistant_message_count"": ""1"", ""chat_history_length"": ""2"", ""chat_id"": ""4"", ""opportunity_index"": ""0"", ""user_message_count"": ""1""}","light","null","true","mobile_app","{""accept-encoding"":""gzip"",""connection"":""Keep-Alive"",""content-length"":""734"",""content-type"":""application\/json; charset=utf-8"",""host"":""api.withgrowl.com"",""user-agent"":""okhttp\/5.2.1""}","38.162.210.235","unknown","unknown","okhttp","CA","Canada","Prince Edward Island","Charlottetown","2026-02-28 02:53:56"
"1e75f318-367d-46c0-97ef-9d0b20b6bb93","1c420be6-ecd8-4093-a389-3de6b1374f29","cb4d6803-edd7-4413-95b2-e5b0ff2e92f3-0","6644455a-84a9-42dd-9240-0759690b636c","6978d5c12de038ea7a6a3303","6978dedc5fcdebaf2551d57f","null","null","{""assistant_message_count"": ""1"", ""chat_history_length"": ""2"", ""chat_id"": ""1"", ""opportunity_index"": ""0"", ""user_message_count"": ""1""}","light","null","true","mobile_app","{""accept-encoding"":""gzip"",""connection"":""Keep-Alive"",""content-length"":""1386"",""content-type"":""application\/json; charset=utf-8"",""host"":""api.withgrowl.com"",""user-agent"":""okhttp\/5.2.1""}","151.33.55.139","unknown","unknown","okhttp","IT","Italy","Turin","Turin","2026-02-13 23:40:03"
"8561c9d4-eac9-45b6-a3f9-71c46b7f2195","ff662105-e79c-44a9-b437-105033c6b72d","fa9df20f-16d1-4be0-9924-d96c36445baa-0","fc3197d8-7813-4478-9c58-47aa00f39b86","6978d5c12de038ea7a6a3303","6978dedc5fcdebaf2551d57f","null","null","{""assistant_message_count"": ""1"", ""chat_history_length"": ""2"", ""chat_id"": ""4"", ""opportunity_index"": ""0"", ""user_message_count"": ""1""}","light","null","true","mobile_app","{""accept-encoding"":""gzip"",""connection"":""Keep-Alive"",""content-length"":""952"",""content-type"":""application\/json; charset=utf-8"",""host"":""api.withgrowl.com"",""user-agent"":""okhttp\/5.2.1""}","156.206.40.223","unknown","unknown","okhttp","EG","Egypt","Ismailia Governorate","Ismailia","2026-02-03 19:04:33"
"12631b09-ec41-40a2-a652-52f97e7135eb","ff662105-e79c-44a9-b437-105033c6b72d","3bff459a-386a-4de4-b4f0-e281e7c0d92a-0","fc3197d8-7813-4478-9c58-47aa00f39b86","6978d5c12de038ea7a6a3303","6978dedc5fcdebaf2551d57f","null","null","{""assistant_message_count"": ""2"", ""chat_history_length"": ""4"", ""chat_id"": ""4"", ""opportunity_index"": ""0"", ""user_message_count"": ""2""}","light","null","true","mobile_app","{""accept-encoding"":""gzip"",""connection"":""Keep-Alive"",""content-length"":""1836"",""content-type"":""application\/json; charset=utf-8"",""host"":""api.withgrowl.com"",""user-agent"":""okhttp\/5.2.1""}","156.206.40.223","unknown","unknown","okhttp","EG","Egypt","Ismailia Governorate","Ismailia","2026-02-03 19:05:07"
"48120309-7183-491f-ab4c-3219b3070a6b","15395b32-c9ce-4223-8766-eed5366344b3","f5b5ddfd-3130-4d42-8674-cdbb69c01653-0","c5156b73-9514-4991-b512-dd2096b5f639","6978d5c12de038ea7a6a3303","6978dedc5fcdebaf2551d57f","null","null","{""assistant_message_count"": ""1"", ""chat_history_length"": ""2"", ""chat_id"": ""2"", ""opportunity_index"": ""0"", ""user_message_count"": ""1""}","light","null","true","mobile_app","{""accept-encoding"":""gzip"",""connection"":""Keep-Alive"",""content-length"":""1153"",""content-type"":""application\/json; charset=utf-8"",""host"":""api.withgrowl.com"",""user-agent"":""okhttp\/5.2.1""}","92.253.227.234","unknown","unknown","okhttp","SY","Syria","unknown","unknown","2026-02-03 21:07:55"
"479daba3-de0f-4acf-bbc5-598097c67a38","ef3f3cd8-3547-4eca-a34d-a4df61301e94","10144123-f1e2-40fc-93d2-bc760d8de729-0","4086486f-b885-4a36-b79c-2dcb1060584c","6978d5c12de038ea7a6a3303","6978dedc5fcdebaf2551d57f","null","null","{""assistant_message_count"": ""1"", ""chat_history_length"": ""2"", ""chat_id"": ""6"", ""opportunity_index"": ""0"", ""user_message_count"": ""1""}","light","null","true","mobile_app","{""accept-encoding"":""gzip"",""connection"":""Keep-Alive"",""content-length"":""603"",""content-type"":""application\/json; charset=utf-8"",""host"":""api.withgrowl.com"",""user-agent"":""okhttp\/5.2.1""}","79.221.237.11","unknown","unknown","okhttp","DE","Germany","Mecklenburg-Vorpommern","Parchim","2026-02-03 21:54:46"
"cd805bab-101c-482b-bd42-28bd9c7c9b0d","54aeb8bc-50e5-44a9-8f72-618e8e5cbbc7","0ae3d766-42eb-4558-a714-ae5ec6e43db1-0","f5d61b98-2b7f-44cd-8f86-e55d0816bfa3","6978d5c12de038ea7a6a3303","6978dedc5fcdebaf2551d57f","null","null","{""assistant_message_count"": ""1"", ""chat_history_length"": ""2"", ""chat_id"": ""1"", ""opportunity_index"": ""0"", ""user_message_count"": ""1""}","light","null","true","mobile_app","{""accept-encoding"":""gzip"",""connection"":""Keep-Alive"",""content-length"":""1012"",""content-type"":""application\/json; charset=utf-8"",""host"":""api.withgrowl.com"",""user-agent"":""okhttp\/5.2.1""}","84.184.253.51","unknown","unknown","okhttp","DE","Germany","Hesse","Hohenahr","2026-02-16 15:39:28"
"f297180f-0b3f-429b-99a8-888550d3b6ac","a9c519fc-b9d3-460c-bf41-64de99315a1c","0b79d9b6-16fe-4477-9ed7-14cd1e67003d-0","bce7f2d9-69ed-4e42-82a0-16608d5de58a","6978d5c12de038ea7a6a3303","6978dedc5fcdebaf2551d57f","null","null","{""assistant_message_count"": ""2"", ""chat_history_length"": ""4"", ""chat_id"": ""1"", ""opportunity_index"": ""0"", ""user_message_count"": ""2""}","light","null","true","mobile_app","{""accept-encoding"":""gzip"",""connection"":""Keep-Alive"",""content-length"":""1438"",""content-type"":""application\/json; charset=utf-8"",""host"":""api.withgrowl.com"",""user-agent"":""okhttp\/5.2.1""}","46.213.151.202","unknown","unknown","okhttp","SY","Syria","unknown","unknown","2026-03-03 12:59:09"
"c52e2f35-fb13-4b32-8c7f-037df3b21534","0c163f07-0e92-4b9c-b779-5d36fde6f7af","e6321d71-20b3-4ca9-a1bc-a02f29aec7a2-0","c2273b64-4f45-4d1d-84c4-9fb99d7bb31e","6978d5c12de038ea7a6a3303","6978dedc5fcdebaf2551d57f","null","null","{""assistant_message_count"": ""1"", ""chat_history_length"": ""2"", ""chat_id"": ""2"", ""opportunity_index"": ""0"", ""user_message_count"": ""1""}","light","null","true","mobile_app","{""accept-encoding"":""gzip"",""connection"":""Keep-Alive"",""content-length"":""754"",""content-type"":""application\/json; charset=utf-8"",""host"":""api.withgrowl.com"",""user-agent"":""okhttp\/5.2.1""}","194.212.250.98","unknown","unknown","okhttp","CZ","Czechia","Prague","Prague","2026-03-03 22:33:38"
"5bd3d8c4-4161-469d-8636-20a0cec13ebf","1df19b95-6be4-40e7-adf4-425669e25aff","c80afd37-f5f1-4bbd-b17e-ca0cc23dc1c1-0","d427f186-adee-4e4a-8835-2c0b4c4a20a8","6978d5c12de038ea7a6a3303","6978dedc5fcdebaf2551d57f","null","null","{""assistant_message_count"": ""3"", ""chat_history_length"": ""6"", ""chat_id"": ""1"", ""opportunity_index"": ""0"", ""user_message_count"": ""3""}","light","null","true","mobile_app","{""accept-encoding"":""gzip"",""connection"":""Keep-Alive"",""content-length"":""1314"",""content-type"":""application\/json; charset=utf-8"",""host"":""api.withgrowl.com"",""user-agent"":""okhttp\/5.2.1""}","196.152.219.159","unknown","unknown","okhttp","EG","Egypt","Cairo Governorate","Cairo","2026-03-04 06:52:08"
"48019439-1019-4219-9b0e-a9db7ee87203","017b3694-a763-42de-ae13-3e272a5e7e58","901cd726-57f7-47d0-b7c9-a280c4051165-0","c4e35449-264e-46cd-9600-96f9e12dee80","6978d5c12de038ea7a6a3303","6978dedc5fcdebaf2551d57f","null","null","{""assistant_message_count"": ""6"", ""chat_history_length"": ""10"", ""chat_id"": ""3"", ""opportunity_index"": ""0"", ""user_message_count"": ""4""}","light","null","true","mobile_app","{""accept-encoding"":""gzip"",""connection"":""Keep-Alive"",""content-length"":""2154"",""content-type"":""application\/json; charset=utf-8"",""host"":""api.withgrowl.com"",""user-agent"":""okhttp\/5.2.1""}","194.230.144.229","unknown","unknown","okhttp","CH","Switzerland","Zurich","Dietikon","2026-03-04 10:00:18"
"ff5321cd-51c4-4923-b1bd-1d0e19447805","ba1fe6be-9393-4e40-9d6f-1243155b1170","d0597f96-0e63-42c1-af11-6e48e24cee42-0","42a1f53a-704a-4ea8-a5a3-55e49825f178","6978d5c12de038ea7a6a3303","6978dedc5fcdebaf2551d57f","null","null","{""assistant_message_count"": ""1"", ""chat_history_length"": ""2"", ""chat_id"": ""1"", ""opportunity_index"": ""0"", ""user_message_count"": ""1""}","light","null","true","mobile_app","{""accept-encoding"":""gzip"",""connection"":""Keep-Alive"",""content-length"":""1113"",""content-type"":""application\/json; charset=utf-8"",""host"":""api.withgrowl.com"",""user-agent"":""okhttp\/5.2.1""}","102.9.56.41","unknown","unknown","okhttp","EG","Egypt","Alexandria","Alexandria","2026-03-04 20:00:18"
"a34204a5-e718-4427-8387-be6cf9ab7e5f","ba1fe6be-9393-4e40-9d6f-1243155b1170","e1194882-d182-4e3f-a5f2-a21b7bb146ab-0","42a1f53a-704a-4ea8-a5a3-55e49825f178","6978d5c12de038ea7a6a3303","6978dedc5fcdebaf2551d57f","null","null","{""assistant_message_count"": ""2"", ""chat_history_length"": ""4"", ""chat_id"": ""1"", ""opportunity_index"": ""0"", ""user_message_count"": ""2""}","light","null","true","mobile_app","{""accept-encoding"":""gzip"",""connection"":""Keep-Alive"",""content-length"":""2236"",""content-type"":""application\/json; charset=utf-8"",""host"":""api.withgrowl.com"",""user-agent"":""okhttp\/5.2.1""}","102.9.56.41","unknown","unknown","okhttp","EG","Egypt","Alexandria","Alexandria","2026-03-04 20:00:41"
"7f27e1b4-fc09-46ec-b2fb-0fe9a4eb5496","822bd97a-db57-450d-89f6-a1089c5cbefb","262ca50c-99d6-49df-8d78-2340e293d74c-0","954e32b6-8518-4383-9b1c-4c6fe3297761","6978d5c12de038ea7a6a3303","6978dedc5fcdebaf2551d57f","null","null","{""assistant_message_count"": ""1"", ""chat_history_length"": ""2"", ""chat_id"": ""1"", ""opportunity_index"": ""0"", ""user_message_count"": ""1""}","light","null","true","mobile_app","{""accept-encoding"":""gzip"",""connection"":""Keep-Alive"",""content-length"":""1129"",""content-type"":""application\/json; charset=utf-8"",""host"":""api.withgrowl.com"",""user-agent"":""okhttp\/5.2.1""}","172.56.29.68","unknown","unknown","okhttp","US","United States","Pennsylvania","Philadelphia","2026-03-06 02:56:06"
"1bbc3d55-d3ef-48ec-be88-182adf4f89c4","d09aa0f9-dcd0-4725-b390-0e0614e13903","55afd716-813e-42d5-9203-8805c577cdda-0","anon_28fc8d30-2ced-4a4c-80fa-6d442b9ad7b0","6978d5c12de038ea7a6a3303","6978dedc5fcdebaf2551d57f","null","null","{""assistant_message_count"": ""1"", ""chat_history_length"": ""2"", ""chat_id"": ""4"", ""opportunity_index"": ""0"", ""user_message_count"": ""1""}","light","null","true","mobile_app","{""accept-encoding"":""gzip"",""connection"":""Keep-Alive"",""content-length"":""723"",""content-type"":""application\/json; charset=utf-8"",""host"":""api.withgrowl.com"",""user-agent"":""okhttp\/5.2.1""}","193.146.86.28","unknown","unknown","okhttp","ES","Spain","Las Palmas","Las Palmas de Gran Canaria","2026-03-06 12:10:33"
"23ad0330-4add-476c-8e59-0719ed5f306b","2517b396-c315-42fb-908e-f5d99b76b3ac","1b6255ff-353c-4acf-a987-a58043fa0038-0","ab0d6f16-7414-43d6-ba34-dfe7a0983e27","6978d5c12de038ea7a6a3303","6978dedc5fcdebaf2551d57f","null","null","{""assistant_message_count"": ""1"", ""chat_history_length"": ""2"", ""chat_id"": ""6"", ""opportunity_index"": ""0"", ""user_message_count"": ""1""}","light","null","true","mobile_app","{""accept-encoding"":""gzip"",""connection"":""Keep-Alive"",""content-length"":""695"",""content-type"":""application\/json; charset=utf-8"",""host"":""api.withgrowl.com"",""user-agent"":""okhttp\/5.2.1""}","79.127.139.200","unknown","unknown","okhttp","ES","Spain","Madrid","Madrid","2026-03-06 23:47:56"
"e4e8fff2-62df-4e0c-862b-e5e25421ee31","29b84cb3-eb6c-452a-a86c-86f280ebfabb","7fecad42-ba10-4691-9dd2-23020633a427-0","anon_c10a4245-ceab-4a75-97a7-b40301401802","6978d5c12de038ea7a6a3303","6978dedc5fcdebaf2551d57f","null","null","{""assistant_message_count"": ""1"", ""chat_history_length"": ""2"", ""chat_id"": ""2"", ""opportunity_index"": ""0"", ""user_message_count"": ""1""}","light","null","true","mobile_app","{""accept-encoding"":""gzip"",""connection"":""Keep-Alive"",""content-length"":""1228"",""content-type"":""application\/json; charset=utf-8"",""host"":""api.withgrowl.com"",""user-agent"":""okhttp\/5.2.1""}","109.145.102.246","unknown","unknown","okhttp","GB","United Kingdom","Royal Kensington and Chelsea","Kensington","2026-03-14 07:50:06"
"2c03c21c-967f-484d-9882-f6b9709799b4","29b84cb3-eb6c-452a-a86c-86f280ebfabb","e90356ab-f004-4796-98b5-3ee70ef3ba66-0","anon_c10a4245-ceab-4a75-97a7-b40301401802","6978d5c12de038ea7a6a3303","6978dedc5fcdebaf2551d57f","null","null","{""assistant_message_count"": ""3"", ""chat_history_length"": ""6"", ""chat_id"": ""2"", ""opportunity_index"": ""0"", ""user_message_count"": ""3""}","light","null","true","mobile_app","{""accept-encoding"":""gzip"",""connection"":""Keep-Alive"",""content-length"":""2912"",""content-type"":""application\/json; charset=utf-8"",""host"":""api.withgrowl.com"",""user-agent"":""okhttp\/5.2.1""}","109.145.102.246","unknown","unknown","okhttp","GB","United Kingdom","Royal Kensington and Chelsea","Kensington","2026-03-14 07:52:30"
"998d074f-d7d1-4d3d-8260-ccc8fbfdae08","29b84cb3-eb6c-452a-a86c-86f280ebfabb","fa41b711-873b-41bf-ae74-6058abac76d9-0","anon_c10a4245-ceab-4a75-97a7-b40301401802","6978d5c12de038ea7a6a3303","6978dedc5fcdebaf2551d57f","null","null","{""assistant_message_count"": ""4"", ""chat_history_length"": ""8"", ""chat_id"": ""2"", ""opportunity_index"": ""0"", ""user_message_count"": ""4""}","light","null","true","mobile_app","{""accept-encoding"":""gzip"",""connection"":""Keep-Alive"",""content-length"":""3380"",""content-type"":""application\/json; charset=utf-8"",""host"":""api.withgrowl.com"",""user-agent"":""okhttp\/5.2.1""}","109.145.102.246","unknown","unknown","okhttp","GB","United Kingdom","Royal Kensington and Chelsea","Kensington","2026-03-14 07:52:59"
"a35660d3-c3b5-4958-b958-cdf46d811745","9bb5e9ec-2547-4225-b296-79c5cfa84551","c0545393-287b-4054-aef5-373778f1f685-0","8e141001-8091-460c-9e6e-1caa976de3b7","6978d5c12de038ea7a6a3303","6978dedc5fcdebaf2551d57f","null","null","{""assistant_message_count"": ""1"", ""chat_history_length"": ""2"", ""chat_id"": ""1"", ""opportunity_index"": ""0"", ""user_message_count"": ""1""}","light","null","true","mobile_app","{""accept-encoding"":""gzip"",""connection"":""Keep-Alive"",""content-length"":""873"",""content-type"":""application\/json; charset=utf-8"",""host"":""api.withgrowl.com"",""user-agent"":""okhttp\/5.2.1""}","79.246.61.171","unknown","unknown","okhttp","DE","Germany","Bavaria","Rinchnach","2026-03-15 21:22:42"
"a6e0f9d4-a321-42ed-87f8-4087b1315f08","2c8f5886-a272-41fe-a178-533586e589fc","afe65aad-8b7e-4867-b71e-544206a78514-0","9bbf5fdd-929a-4a8c-b39c-8e1159c6f96a","6978d5c12de038ea7a6a3303","6978dedc5fcdebaf2551d57f","null","null","{""assistant_message_count"": ""5"", ""chat_history_length"": ""10"", ""chat_id"": ""3"", ""opportunity_index"": ""0"", ""user_message_count"": ""5""}","light","null","true","mobile_app","{""accept-encoding"":""gzip"",""connection"":""Keep-Alive"",""content-length"":""2007"",""content-type"":""application\/json; charset=utf-8"",""host"":""api.withgrowl.com"",""user-agent"":""okhttp\/5.2.1""}","78.211.252.166","unknown","unknown","okhttp","IT","Italy","unknown","unknown","2026-03-16 05:03:01"
"820d3aa4-08d0-4096-ba89-8be7586ec1ff","6c4f54b2-5f43-4c5e-918e-11792d140222","57ec4f07-2c43-4617-9955-e03750ce64b1-0","1c5c8127-0a6d-416a-88a1-365bfe37b500","6978d5c12de038ea7a6a3303","6978dedc5fcdebaf2551d57f","null","null","{""assistant_message_count"": ""4"", ""chat_history_length"": ""8"", ""chat_id"": ""14"", ""opportunity_index"": ""0"", ""user_message_count"": ""4""}","light","null","true","mobile_app","{""accept-encoding"":""gzip"",""connection"":""Keep-Alive"",""content-length"":""1356"",""content-type"":""application\/json; charset=utf-8"",""host"":""api.withgrowl.com"",""user-agent"":""okhttp\/5.2.1""}","197.59.57.219","unknown","unknown","okhttp","EG","Egypt","Minya","Minya","2026-03-18 21:02:16"
"55cd8cfa-910d-400f-8f32-e2935a6b8a98","9271c046-2f6c-4bac-9e5f-d43eafb64ab5","a17abc1b-b3e2-4bc1-9a87-7ea677025d2f-0","7376edfa-9f30-4c0c-be26-c63f6500ec60","6978d5c12de038ea7a6a3303","6978dedc5fcdebaf2551d57f","null","null","{""assistant_message_count"": ""1"", ""chat_history_length"": ""2"", ""chat_id"": ""1"", ""opportunity_index"": ""0"", ""user_message_count"": ""1""}","light","null","true","mobile_app","{""accept-encoding"":""gzip"",""connection"":""Keep-Alive"",""content-length"":""721"",""content-type"":""application\/json; charset=utf-8"",""host"":""api.withgrowl.com"",""user-agent"":""okhttp\/5.2.1""}","109.118.90.254","unknown","unknown","okhttp","IT","Italy","Province of Genoa","Genoa","2026-03-20 14:37:11"
"eba7c364-3c07-4afe-bfbb-add7d60e60dd","5ed00280-c66a-4e3d-a27b-fab6be513ab6","4d1d7e02-e417-4862-b897-e90833dd2197-0","663f2431-156e-4834-9e02-d22cfca5f220","6978d5c12de038ea7a6a3303","6978dedc5fcdebaf2551d57f","null","null","{""assistant_message_count"": ""3"", ""chat_history_length"": ""6"", ""chat_id"": ""2"", ""opportunity_index"": ""0"", ""user_message_count"": ""3""}","light","null","true","mobile_app","{""accept-encoding"":""gzip"",""connection"":""Keep-Alive"",""content-length"":""1138"",""content-type"":""application\/json; charset=utf-8"",""host"":""api.withgrowl.com"",""user-agent"":""okhttp\/5.2.1""}","13.158.140.18","unknown","unknown","okhttp","JP","Japan","Tokyo","Tokyo","2026-03-20 16:10:31"
"f5062b71-99bc-4352-9e7e-a29163e44f16","97587f9a-dc4c-44e3-adbb-27ecc92fa1d5","5ddbe35c-4254-43bb-8b9c-28d82684bcd4-0","644ce675-3e53-4a5c-9f32-a7b0f89350b4","6978d5c12de038ea7a6a3303","6978dedc5fcdebaf2551d57f","null","null","{""assistant_message_count"": ""2"", ""chat_history_length"": ""4"", ""chat_id"": ""1"", ""opportunity_index"": ""0"", ""user_message_count"": ""2""}","light","null","true","mobile_app","{""accept-encoding"":""gzip"",""connection"":""Keep-Alive"",""content-length"":""812"",""content-type"":""application\/json; charset=utf-8"",""host"":""api.withgrowl.com"",""user-agent"":""okhttp\/5.2.1""}","197.134.68.7","unknown","unknown","okhttp","EG","Egypt","Qena","Qina","2026-03-20 21:22:06"
"d68d23d3-e644-4cf8-a5ea-9dd8c507a557","0c04950c-94e9-45ef-a914-4ed3fc30ef57","57cf82f8-6fa3-4171-aee9-5d012e39d249-0","e3c85e56-b703-437d-b87b-7854953ae222","6978d5c12de038ea7a6a3303","6978dedc5fcdebaf2551d57f","null","null","{""assistant_message_count"": ""2"", ""chat_history_length"": ""4"", ""chat_id"": ""4"", ""opportunity_index"": ""0"", ""user_message_count"": ""2""}","light","null","true","mobile_app","{""accept-encoding"":""gzip"",""connection"":""Keep-Alive"",""content-length"":""2864"",""content-type"":""application\/json; charset=utf-8"",""host"":""api.withgrowl.com"",""user-agent"":""okhttp\/5.2.1""}","15.218.156.247","unknown","unknown","okhttp","US","United States","Washington","Moses Lake","2026-02-21 20:14:45"
"b324b3de-40a3-4d67-a0a3-cc058aabf2e3","fd2e3892-2b46-4dae-854d-6b88c71bba0e","e0572240-e26b-4692-8635-fcd8db60e565-0","1a04235e-c380-451c-a374-620e0760a6cf","6978d5c12de038ea7a6a3303","6978dedc5fcdebaf2551d57f","null","null","{""assistant_message_count"": ""1"", ""chat_history_length"": ""2"", ""chat_id"": ""1"", ""opportunity_index"": ""0"", ""user_message_count"": ""1""}","light","null","true","mobile_app","{""accept-encoding"":""gzip"",""connection"":""Keep-Alive"",""content-length"":""968"",""content-type"":""application\/json; charset=utf-8"",""host"":""api.withgrowl.com"",""user-agent"":""okhttp\/5.2.1""}","51.210.178.214","unknown","unknown","okhttp","FR","France","unknown","unknown","2026-02-21 22:04:33"
"127c7f61-a8d6-4aca-b550-f69d77073070","9c0d6081-8e54-41ab-89f4-4f4210fe082a","4f90d099-e29b-44ab-8004-567d744c6847-0","1a04235e-c380-451c-a374-620e0760a6cf","6978d5c12de038ea7a6a3303","6978dedc5fcdebaf2551d57f","null","null","{""assistant_message_count"": ""1"", ""chat_history_length"": ""2"", ""chat_id"": ""2"", ""opportunity_index"": ""0"", ""user_message_count"": ""1""}","light","null","true","mobile_app","{""accept-encoding"":""gzip"",""connection"":""Keep-Alive"",""content-length"":""661"",""content-type"":""application\/json; charset=utf-8"",""host"":""api.withgrowl.com"",""user-agent"":""okhttp\/5.2.1""}","185.225.43.210","unknown","unknown","okhttp","SY","Syria","unknown","unknown","2026-02-21 22:35:21"
"43aaa238-de66-4260-b3d6-880c0ce4b104","9c0d6081-8e54-41ab-89f4-4f4210fe082a","6db3f8e2-1fcd-4d11-b5f5-e1fe5780e5b0-0","1a04235e-c380-451c-a374-620e0760a6cf","6978d5c12de038ea7a6a3303","6978dedc5fcdebaf2551d57f","null","null","{""assistant_message_count"": ""3"", ""chat_history_length"": ""6"", ""chat_id"": ""2"", ""opportunity_index"": ""0"", ""user_message_count"": ""3""}","light","null","true","mobile_app","{""accept-encoding"":""gzip"",""connection"":""Keep-Alive"",""content-length"":""2691"",""content-type"":""application\/json; charset=utf-8"",""host"":""api.withgrowl.com"",""user-agent"":""okhttp\/5.2.1""}","185.225.43.210","unknown","unknown","okhttp","SY","Syria","unknown","unknown","2026-02-21 22:36:35"
"af213978-2ddb-42a8-a8b6-0f169a40f72d","9c0d6081-8e54-41ab-89f4-4f4210fe082a","91e0c866-ce8e-4b05-acef-c36516944807-0","1a04235e-c380-451c-a374-620e0760a6cf","6978d5c12de038ea7a6a3303","6978dedc5fcdebaf2551d57f","null","null","{""assistant_message_count"": ""4"", ""chat_history_length"": ""8"", ""chat_id"": ""2"", ""opportunity_index"": ""0"", ""user_message_count"": ""4""}","light","null","true","mobile_app","{""accept-encoding"":""gzip"",""connection"":""Keep-Alive"",""content-length"":""3748"",""content-type"":""application\/json; charset=utf-8"",""host"":""api.withgrowl.com"",""user-agent"":""okhttp\/5.2.1""}","185.225.43.210","unknown","unknown","okhttp","SY","Syria","unknown","unknown","2026-02-21 22:37:17"
"2ec39fce-7243-4b84-89e1-d31b77d960ea","15395b32-c9ce-4223-8766-eed5366344b3","282b6148-928d-465a-bd82-927ae0445851-0","c5156b73-9514-4991-b512-dd2096b5f639","6978d5c12de038ea7a6a3303","6978dedc5fcdebaf2551d57f","null","null","{""assistant_message_count"": ""1"", ""chat_history_length"": ""2"", ""chat_id"": ""4"", ""opportunity_index"": ""0"", ""user_message_count"": ""1""}","light","null","true","mobile_app","{""accept-encoding"":""gzip"",""connection"":""Keep-Alive"",""content-length"":""562"",""content-type"":""application\/json; charset=utf-8"",""host"":""api.withgrowl.com"",""user-agent"":""okhttp\/5.2.1""}","92.253.224.15","unknown","unknown","okhttp","SY","Syria","unknown","unknown","2026-02-04 00:52:41"
"5040b0fa-832a-4550-99a1-8fa5c786b967","32039834-c914-44ea-bd2d-83ab37dd63e8","dd4abde1-28c4-4e73-9046-d35113f891c7-0","e458c79a-9452-4b02-9093-79b68e2b1095","6978d5c12de038ea7a6a3303","6978dedc5fcdebaf2551d57f","null","null","{""assistant_message_count"": ""3"", ""chat_history_length"": ""5"", ""chat_id"": ""2"", ""opportunity_index"": ""0"", ""user_message_count"": ""2""}","light","null","true","mobile_app","{""accept-encoding"":""gzip"",""connection"":""Keep-Alive"",""content-length"":""2609"",""content-type"":""application\/json; charset=utf-8"",""host"":""api.withgrowl.com"",""user-agent"":""okhttp\/5.2.1""}","174.215.112.105","unknown","unknown","okhttp","US","United States","Washington","unknown","2026-02-04 03:48:08"
"33d109a4-a4e3-4c40-a421-b7b61c3f2591","158b19d0-d65c-4962-ab59-9ba7e7f4870e","73ed1d39-ada5-43c9-bc83-51a88571109e-0","8eced236-b39f-4c44-b1c3-a41f1b110c7b","6978d5c12de038ea7a6a3303","6978dedc5fcdebaf2551d57f","null","null","{""assistant_message_count"": ""3"", ""chat_history_length"": ""6"", ""chat_id"": ""1"", ""opportunity_index"": ""0"", ""user_message_count"": ""3""}","light","null","true","mobile_app","{""accept-encoding"":""gzip"",""connection"":""Keep-Alive"",""content-length"":""1819"",""content-type"":""application\/json; charset=utf-8"",""host"":""api.withgrowl.com"",""user-agent"":""okhttp\/5.2.1""}","102.60.243.251","unknown","unknown","okhttp","EG","Egypt","Cairo Governorate","Cairo","2026-02-17 14:32:32"
"928825df-03fa-42ce-a1c3-7c42834ddee2","58f237ac-1f1d-451d-a2ce-1b237b26c10f","c054f165-20d3-4308-a625-4a7de6710038-0","a346a318-0082-4b40-a576-defc7afde86d","6978d5c12de038ea7a6a3303","6978dedc5fcdebaf2551d57f","null","null","{""assistant_message_count"": ""3"", ""chat_history_length"": ""6"", ""chat_id"": ""3"", ""opportunity_index"": ""0"", ""user_message_count"": ""3""}","light","null","true","mobile_app","{""accept-encoding"":""gzip"",""connection"":""Keep-Alive"",""content-length"":""2237"",""content-type"":""application\/json; charset=utf-8"",""host"":""api.withgrowl.com"",""user-agent"":""okhttp\/5.2.1""}","196.156.157.119","unknown","unknown","okhttp","EG","Egypt","unknown","unknown","2026-02-17 16:56:39"
"2d48b5af-af0a-4358-afa9-8ebaba85e1f3","3e343192-dd25-487d-9815-c71067fcdeb9","2249508e-1095-4bae-8da0-fa4b2d7a2b09-0","43565489-fe85-4b56-b8cc-3b2f72b586c4","6978d5c12de038ea7a6a3303","6978dedc5fcdebaf2551d57f","null","null","{""assistant_message_count"": ""1"", ""chat_history_length"": ""2"", ""chat_id"": ""1"", ""opportunity_index"": ""0"", ""user_message_count"": ""1""}","light","null","true","mobile_app","{""accept-encoding"":""gzip"",""connection"":""Keep-Alive"",""content-length"":""744"",""content-type"":""application\/json; charset=utf-8"",""host"":""api.withgrowl.com"",""user-agent"":""okhttp\/5.2.1""}","109.81.17.110","unknown","unknown","okhttp","CZ","Czechia","Prague","Prague","2026-02-22 00:49:39"
"5af5c6e9-3f95-438f-bdb5-e87f01e631f9","ff3a3eda-b38c-47bf-b894-0f9068d4084b","3bea105d-453d-4cc0-80af-8a0904190b76-0","d3225503-8e4f-4274-9646-370815a68b4f","6978d5c12de038ea7a6a3303","6978dedc5fcdebaf2551d57f","null","null","{""assistant_message_count"": ""2"", ""chat_history_length"": ""4"", ""chat_id"": ""1"", ""opportunity_index"": ""0"", ""user_message_count"": ""2""}","light","null","true","mobile_app","{""accept-encoding"":""gzip"",""connection"":""Keep-Alive"",""content-length"":""1264"",""content-type"":""application\/json; charset=utf-8"",""host"":""api.withgrowl.com"",""user-agent"":""okhttp\/5.2.1""}","196.151.86.172","unknown","unknown","okhttp","EG","Egypt","unknown","unknown","2026-02-22 06:12:59"
"be424bae-aa71-4ecf-92e2-992286d79a50","ff3a3eda-b38c-47bf-b894-0f9068d4084b","af5b59d2-ada7-4a5b-86b5-bc02341ea509-0","d3225503-8e4f-4274-9646-370815a68b4f","6978d5c12de038ea7a6a3303","6978dedc5fcdebaf2551d57f","null","null","{""assistant_message_count"": ""3"", ""chat_history_length"": ""6"", ""chat_id"": ""1"", ""opportunity_index"": ""0"", ""user_message_count"": ""3""}","light","null","true","mobile_app","{""accept-encoding"":""gzip"",""connection"":""Keep-Alive"",""content-length"":""2303"",""content-type"":""application\/json; charset=utf-8"",""host"":""api.withgrowl.com"",""user-agent"":""okhttp\/5.2.1""}","196.151.86.172","unknown","unknown","okhttp","EG","Egypt","unknown","unknown","2026-02-22 06:13:30"
"63786ea2-93c6-4c15-9053-5ed8b82390cf","30114cb9-54a3-4e94-979d-d289d22c4d22","d9d297da-0543-44e3-9d94-9e40e9dbaee9-0","530b8c2e-f17a-4ea7-9ef9-7a150812d003","6978d5c12de038ea7a6a3303","6978dedc5fcdebaf2551d57f","null","null","{""assistant_message_count"": ""1"", ""chat_history_length"": ""2"", ""chat_id"": ""1"", ""opportunity_index"": ""0"", ""user_message_count"": ""1""}","light","null","true","mobile_app","{""accept-encoding"":""gzip"",""connection"":""Keep-Alive"",""content-length"":""458"",""content-type"":""application\/json; charset=utf-8"",""host"":""api.withgrowl.com"",""user-agent"":""okhttp\/5.2.1""}","102.125.169.212","unknown","unknown","okhttp","SD","Sudan","Khartoum","Omdurman","2026-02-22 13:32:08"
"a5a3c05c-afb6-4845-a4e7-f82741bd5de1","30114cb9-54a3-4e94-979d-d289d22c4d22","15a23c28-376d-4a0b-ada9-c5544c6ae7e8-0","530b8c2e-f17a-4ea7-9ef9-7a150812d003","6978d5c12de038ea7a6a3303","6978dedc5fcdebaf2551d57f","null","null","{""assistant_message_count"": ""2"", ""chat_history_length"": ""4"", ""chat_id"": ""1"", ""opportunity_index"": ""0"", ""user_message_count"": ""2""}","light","null","true","mobile_app","{""accept-encoding"":""gzip"",""connection"":""Keep-Alive"",""content-length"":""1360"",""content-type"":""application\/json; charset=utf-8"",""host"":""api.withgrowl.com"",""user-agent"":""okhttp\/5.2.1""}","102.125.169.212","unknown","unknown","okhttp","SD","Sudan","Khartoum","Omdurman","2026-02-22 13:32:24"
"a36490c6-91ac-4717-808d-41bc9c15788e","666ee55d-551d-4784-bbb5-909c25eae2bc","aa394506-a591-479a-9fc6-297fbc40d980-0","12070769-faad-4938-b8bd-3e919341e204","6978d5c12de038ea7a6a3303","6978dedc5fcdebaf2551d57f","null","null","{""assistant_message_count"": ""2"", ""chat_history_length"": ""4"", ""chat_id"": ""26"", ""opportunity_index"": ""0"", ""user_message_count"": ""2""}","light","null","true","mobile_app","{""accept-encoding"":""gzip"",""connection"":""Keep-Alive"",""content-length"":""1732"",""content-type"":""application\/json; charset=utf-8"",""host"":""api.withgrowl.com"",""user-agent"":""okhttp\/5.2.1""}","46.57.175.165","unknown","unknown","okhttp","SY","Syria","Tartus Governorate","Tartus","2026-02-22 18:25:34"
"7d2e975e-69d8-41c6-8ba6-6d9c65acfa55","666ee55d-551d-4784-bbb5-909c25eae2bc","6b9ee014-2507-4dd0-9586-d22713a9d13e-0","12070769-faad-4938-b8bd-3e919341e204","6978d5c12de038ea7a6a3303","6978dedc5fcdebaf2551d57f","null","null","{""assistant_message_count"": ""3"", ""chat_history_length"": ""6"", ""chat_id"": ""26"", ""opportunity_index"": ""0"", ""user_message_count"": ""3""}","light","null","true","mobile_app","{""accept-encoding"":""gzip"",""connection"":""Keep-Alive"",""content-length"":""2901"",""content-type"":""application\/json; charset=utf-8"",""host"":""api.withgrowl.com"",""user-agent"":""okhttp\/5.2.1""}","46.57.175.165","unknown","unknown","okhttp","SY","Syria","Tartus Governorate","Tartus","2026-02-22 18:26:56"
"c9f30129-b3a3-4328-9326-04b746186335","666ee55d-551d-4784-bbb5-909c25eae2bc","c0827bed-a1df-4942-8e01-056b37dfbf39-0","12070769-faad-4938-b8bd-3e919341e204","6978d5c12de038ea7a6a3303","6978dedc5fcdebaf2551d57f","null","null","{""assistant_message_count"": ""4"", ""chat_history_length"": ""8"", ""chat_id"": ""26"", ""opportunity_index"": ""0"", ""user_message_count"": ""4""}","light","null","true","mobile_app","{""accept-encoding"":""gzip"",""connection"":""Keep-Alive"",""content-length"":""5236"",""content-type"":""application\/json; charset=utf-8"",""host"":""api.withgrowl.com"",""user-agent"":""okhttp\/5.2.1""}","46.57.175.165","unknown","unknown","okhttp","SY","Syria","Tartus Governorate","Tartus","2026-02-22 18:28:13"
"6303a312-39b1-4291-a454-ae8d132aa5f8","60909a6e-4a34-4544-b6b9-f7c7b73fa326","c4313f58-4aa9-4cb4-8073-a13ec0c02522-0","9f1858b1-0ae2-49db-923c-e8b586b0aaf7","6978d5c12de038ea7a6a3303","6978dedc5fcdebaf2551d57f","null","null","{""assistant_message_count"": ""1"", ""chat_history_length"": ""2"", ""chat_id"": ""1"", ""opportunity_index"": ""0"", ""user_message_count"": ""1""}","light","null","true","mobile_app","{""accept-encoding"":""gzip"",""connection"":""Keep-Alive"",""content-length"":""766"",""content-type"":""application\/json; charset=utf-8"",""host"":""api.withgrowl.com"",""user-agent"":""okhttp\/5.2.1""}","172.59.172.64","unknown","unknown","okhttp","US","United States","Missouri","St Louis","2026-02-05 07:21:01"
"dbe939f8-f1ad-4130-9b4c-5a5533b1cee8","60909a6e-4a34-4544-b6b9-f7c7b73fa326","a68266eb-df36-453e-86f7-3bebc69ef98b-0","9f1858b1-0ae2-49db-923c-e8b586b0aaf7","6978d5c12de038ea7a6a3303","6978dedc5fcdebaf2551d57f","null","null","{""assistant_message_count"": ""2"", ""chat_history_length"": ""3"", ""chat_id"": ""1"", ""opportunity_index"": ""0"", ""user_message_count"": ""1""}","light","null","true","mobile_app","{""accept-encoding"":""gzip"",""connection"":""Keep-Alive"",""content-length"":""1079"",""content-type"":""application\/json; charset=utf-8"",""host"":""api.withgrowl.com"",""user-agent"":""okhttp\/5.2.1""}","172.59.172.64","unknown","unknown","okhttp","US","United States","Missouri","St Louis","2026-02-05 07:21:13"
"30f5b358-3ad6-4d9e-9928-80dc54182284","82aae153-7446-46bc-819b-29abdb8a916c","fcceb562-0860-41fe-9c2d-15d6b3db1fe4-0","720d3224-4538-4a3a-9906-823949ece4ff","6978d5c12de038ea7a6a3303","6978dedc5fcdebaf2551d57f","null","null","{""assistant_message_count"": ""2"", ""chat_history_length"": ""3"", ""chat_id"": ""1"", ""opportunity_index"": ""0"", ""user_message_count"": ""1""}","light","null","true","mobile_app","{""accept-encoding"":""gzip"",""connection"":""Keep-Alive"",""content-length"":""1543"",""content-type"":""application\/json; charset=utf-8"",""host"":""api.withgrowl.com"",""user-agent"":""okhttp\/5.2.1""}","70.114.66.201","unknown","unknown","okhttp","US","United States","Texas","Mesquite","2026-02-05 08:06:38"
"e86367ad-511e-4856-a505-647cd52ac4f4","8d1356d3-4de5-4853-b223-332705b43c7a","3baa7d79-34f3-4e04-973a-bef4d389a48d-0","9e1f4310-8280-46ee-b577-de97ead13d1a","6978d5c12de038ea7a6a3303","6978dedc5fcdebaf2551d57f","null","null","{""assistant_message_count"": ""1"", ""chat_history_length"": ""2"", ""chat_id"": ""1"", ""opportunity_index"": ""0"", ""user_message_count"": ""1""}","light","null","true","mobile_app","{""accept-encoding"":""gzip"",""connection"":""Keep-Alive"",""content-length"":""707"",""content-type"":""application\/json; charset=utf-8"",""host"":""api.withgrowl.com"",""user-agent"":""okhttp\/5.2.1""}","66.119.2.254","unknown","unknown","okhttp","US","United States","Missouri","Springfield","2026-02-05 17:04:08"
"4b3cc1ac-eba4-4aae-a132-96c5d8cde605","9347f819-fc55-41fc-a460-da660a695605","b70a1665-6184-4635-83db-a26972637136-0","86ddd7c2-7f7e-4ead-bab1-3eae3af69b75","6978d5c12de038ea7a6a3303","6978dedc5fcdebaf2551d57f","null","null","{""assistant_message_count"": ""1"", ""chat_history_length"": ""2"", ""chat_id"": ""2"", ""opportunity_index"": ""0"", ""user_message_count"": ""1""}","light","null","true","mobile_app","{""accept-encoding"":""gzip"",""connection"":""Keep-Alive"",""content-length"":""820"",""content-type"":""application\/json; charset=utf-8"",""host"":""api.withgrowl.com"",""user-agent"":""okhttp\/5.2.1""}","51.254.132.6","unknown","unknown","okhttp","FR","France","unknown","unknown","2026-02-18 06:47:53"
"4da9502e-f70e-45a4-adf3-100ff0c1e2d6","581cc417-76e8-4d9a-8066-f4be6cd2eac7","74fcf5b5-eb91-4d4b-af0b-a66637d4e70c-0","a31c9e9c-0403-4a6f-8b24-4dcd6e0f1d09","6978d5c12de038ea7a6a3303","6978dedc5fcdebaf2551d57f","null","null","{""assistant_message_count"": ""1"", ""chat_history_length"": ""2"", ""chat_id"": ""1"", ""opportunity_index"": ""0"", ""user_message_count"": ""1""}","light","null","true","mobile_app","{""accept-encoding"":""gzip"",""connection"":""Keep-Alive"",""content-length"":""825"",""content-type"":""application\/json; charset=utf-8"",""host"":""api.withgrowl.com"",""user-agent"":""okhttp\/5.2.1""}","78.80.17.249","unknown","unknown","okhttp","CZ","Czechia","Prague","Prague","2026-02-18 17:26:52"
"74401584-88aa-4b7b-ad07-cd5c61bf88a2","be25d95c-459a-4f16-949b-b7c6072817d8","9f30f6e9-e52c-4d14-816f-09030f5f82dd-0","0cf9f571-9e68-4be0-8a21-490959920d9b","6978d5c12de038ea7a6a3303","6978dedc5fcdebaf2551d57f","null","null","{""assistant_message_count"": ""1"", ""chat_history_length"": ""2"", ""chat_id"": ""1"", ""opportunity_index"": ""0"", ""user_message_count"": ""1""}","light","null","true","mobile_app","{""accept-encoding"":""gzip"",""connection"":""Keep-Alive"",""content-length"":""821"",""content-type"":""application\/json; charset=utf-8"",""host"":""api.withgrowl.com"",""user-agent"":""okhttp\/5.2.1""}","54.38.157.229","unknown","unknown","okhttp","DE","Germany","unknown","unknown","2026-02-18 22:00:22"
"96bbab85-d072-4f1f-a8a6-2a7357b4f252","a104b1c8-daf2-4866-9a24-c57282ceeb76","483438fd-e729-4b4b-a4d5-970b91acbccd-0","e895bfd6-ae03-47e2-8153-6ab2d8edbb2c","6978d5c12de038ea7a6a3303","6978dedc5fcdebaf2551d57f","null","null","{""assistant_message_count"": ""2"", ""chat_history_length"": ""4"", ""chat_id"": ""1"", ""opportunity_index"": ""0"", ""user_message_count"": ""2""}","light","null","true","mobile_app","{""accept-encoding"":""gzip"",""connection"":""Keep-Alive"",""content-length"":""868"",""content-type"":""application\/json; charset=utf-8"",""host"":""api.withgrowl.com"",""user-agent"":""okhttp\/5.2.1""}","178.52.153.235","unknown","unknown","okhttp","SY","Syria","Homs Governorate","Homs","2026-02-23 07:21:02"
"e60d2c0f-e896-43dd-9aa4-db8436cf5d2a","a104b1c8-daf2-4866-9a24-c57282ceeb76","c149d0ce-f68c-4534-95d2-007e75bc3802-0","e895bfd6-ae03-47e2-8153-6ab2d8edbb2c","6978d5c12de038ea7a6a3303","6978dedc5fcdebaf2551d57f","null","null","{""assistant_message_count"": ""3"", ""chat_history_length"": ""7"", ""chat_id"": ""1"", ""opportunity_index"": ""0"", ""user_message_count"": ""4""}","light","null","true","mobile_app","{""accept-encoding"":""gzip"",""connection"":""Keep-Alive"",""content-length"":""1578"",""content-type"":""application\/json; charset=utf-8"",""host"":""api.withgrowl.com"",""user-agent"":""okhttp\/5.2.1""}","178.52.153.235","unknown","unknown","okhttp","SY","Syria","Homs Governorate","Homs","2026-02-23 07:22:44"
"02f6579d-c308-49e3-83f6-497014441634","9b9398b7-e490-4874-9977-45b7628e982f","803abf41-045a-4716-a3fa-9487b6ed837b-0","64709742-f0be-494e-9ea0-d2dd34c5d5fd","6978d5c12de038ea7a6a3303","6978dedc5fcdebaf2551d57f","null","null","{""assistant_message_count"": ""1"", ""chat_history_length"": ""2"", ""chat_id"": ""1"", ""opportunity_index"": ""0"", ""user_message_count"": ""1""}","light","null","true","mobile_app","{""accept-encoding"":""gzip"",""connection"":""Keep-Alive"",""content-length"":""475"",""content-type"":""application\/json; charset=utf-8"",""host"":""api.withgrowl.com"",""user-agent"":""okhttp\/5.2.1""}","172.56.216.253","unknown","unknown","okhttp","US","United States","Pennsylvania","Philadelphia","2026-02-06 01:20:33"
"5598d6ad-0063-43a4-af84-cd8002a0941d","b81d9b4b-f08a-4140-8824-de797b4bbfb3","87682a81-0617-4af8-b1e2-40943c894714-0","b3bc63af-d1ac-46e0-9d58-82051ed194ee","6978d5c12de038ea7a6a3303","6978dedc5fcdebaf2551d57f","null","null","{""assistant_message_count"": ""1"", ""chat_history_length"": ""2"", ""chat_id"": ""8"", ""opportunity_index"": ""0"", ""user_message_count"": ""1""}","light","null","true","mobile_app","{""accept-encoding"":""gzip"",""connection"":""Keep-Alive"",""content-length"":""472"",""content-type"":""application\/json; charset=utf-8"",""host"":""api.withgrowl.com"",""user-agent"":""okhttp\/5.2.1""}","172.56.77.52","unknown","unknown","okhttp","US","United States","Florida","Orlando","2026-02-06 02:21:32"
"86b2bf09-f5e8-4829-8d42-e5be34f7514d","191d7ca9-d79b-4318-8b41-e3793942d8d2","69fbdc70-99d2-464e-aa32-f2fb0172674f-0","a5283748-dca4-4f6c-94ff-39f443262505","6978d5c12de038ea7a6a3303","6978dedc5fcdebaf2551d57f","null","null","{""assistant_message_count"": ""1"", ""chat_history_length"": ""2"", ""chat_id"": ""2"", ""opportunity_index"": ""0"", ""user_message_count"": ""1""}","light","null","true","mobile_app","{""accept-encoding"":""gzip"",""connection"":""Keep-Alive"",""content-length"":""1211"",""content-type"":""application\/json; charset=utf-8"",""host"":""api.withgrowl.com"",""user-agent"":""okhttp\/5.2.1""}","97.80.242.189","unknown","unknown","okhttp","US","United States","South Carolina","Greenville","2026-02-06 22:53:34"
"270d0992-880e-4c58-a59b-ff1e0a035387","717a13f4-dca5-4400-8593-681b8714b801","1c77a3a1-423d-40a1-97b8-103e5542966c-0","f07b5431-39d4-4c64-aa9c-99ae3933017e","6978d5c12de038ea7a6a3303","6978dedc5fcdebaf2551d57f","null","null","{""assistant_message_count"": ""1"", ""chat_history_length"": ""2"", ""chat_id"": ""2"", ""opportunity_index"": ""0"", ""user_message_count"": ""1""}","light","null","true","mobile_app","{""accept-encoding"":""gzip"",""connection"":""Keep-Alive"",""content-length"":""734"",""content-type"":""application\/json; charset=utf-8"",""host"":""api.withgrowl.com"",""user-agent"":""okhttp\/5.2.1""}","105.74.194.199","unknown","unknown","okhttp","MA","Morocco","Oujda-Angad","Oujda","2026-02-19 11:29:38"
"c97634ff-f890-40cf-8760-9f674a5ab720","2d59aa24-03f6-417d-8b2a-cf64d5649f68","0472340c-3498-4c54-bea6-d1c4f185b481-0","38c2192a-27ae-4d4d-b628-27425dced769","6978d5c12de038ea7a6a3303","6978dedc5fcdebaf2551d57f","null","null","{""assistant_message_count"": ""2"", ""chat_history_length"": ""3"", ""chat_id"": ""2"", ""opportunity_index"": ""0"", ""user_message_count"": ""1""}","light","null","true","mobile_app","{""accept-encoding"":""gzip"",""connection"":""Keep-Alive"",""content-length"":""1706"",""content-type"":""application\/json; charset=utf-8"",""host"":""api.withgrowl.com"",""user-agent"":""okhttp\/5.2.1""}","154.128.175.0","unknown","unknown","okhttp","EG","Egypt","Giza","Giza","2026-02-21 03:32:23"
"32eaf202-d3ce-4e86-a2fc-79bcf19bac01","2d59aa24-03f6-417d-8b2a-cf64d5649f68","5e03210c-8d6f-48db-b82a-17eb6a1b8338-0","38c2192a-27ae-4d4d-b628-27425dced769","6978d5c12de038ea7a6a3303","6978dedc5fcdebaf2551d57f","null","null","{""assistant_message_count"": ""3"", ""chat_history_length"": ""5"", ""chat_id"": ""2"", ""opportunity_index"": ""0"", ""user_message_count"": ""2""}","light","null","true","mobile_app","{""accept-encoding"":""gzip"",""connection"":""Keep-Alive"",""content-length"":""2641"",""content-type"":""application\/json; charset=utf-8"",""host"":""api.withgrowl.com"",""user-agent"":""okhttp\/5.2.1""}","154.128.175.0","unknown","unknown","okhttp","EG","Egypt","Giza","Giza","2026-02-21 03:33:53"
