Offer ID,Name,Preview URL,Payout Type,Payout Amount,Payout Percentage,Click to Run
9764,"Yourself First - US,CA - (Proof Needed)",https://www.yourselfirst.com/memory?,CPA,$11.25,0%,Run Now 
9763,"Digesti - US,CA - (Proof Needed)",https://www.digestiplan.com/liver-health?,CPA,$30.00,0%,Run Now 
9762,"Harmonia - US,CA - (Proof Needed)",https://www.drinkharmonia.com/cortisol?,CPA,$45.00,0%,Run Now 
9761,New Health Insurance - US,https://newhealthinsurance.com/,CPS,$0.00,80%,Run Now 
9760,New Auto Insurance - US,https://newautoinsurance.com/?,CPS,$0.00,80%,Run Now 
9759,ClaimSavings Free Cash Search - US,https://specialsavings.net/1k-cash-search-shorty-3.html?,CPS,$0.00,80%,Run Now 
9758,ClaimSavings Auto Insurance - US,https://specialsavings.net/AUTO1k-frontpage3.html?,CPS,$0.00,80%,Run Now 
9757,Debella - Get Windows - US,https://local.getwindow-estimates.com/?,CPA,$7.50,0%,Run Now 
9748,Save On Auto Plan - US - (Proof Needed),https://saveonautoplans.com/?,CPA,$0.00,80%,Run Now 
9747,WindowsRenew - US - (Proof Needed),https://windowsrenew.com/get-quote/,CPA,$0.00,80%,Run Now 
9746,Roof Remake - US - (Proof Needed),https://roofremake.com/get-quote,CPA,$0.00,80%,Run Now 
9745,Better Bath Quote - US - (Proof Needed),https://betterbathquote.com/get-quote,CPA,$0.00,80%,Run Now 
9744,Gutter Renew - US - (Proof Needed),https://gutterrenew.com/,CPA,$0.00,80%,Run Now 
9743,Fair Floor Quote RevShare - US - (Proof Needed),https://fairfloorquote.com/get-quote,CPA,$0.00,80%,Run Now 
9742,Fair Floor Quote - US - (Proof Needed),https://fairfloorquote.com/get-quote,CPS,$52.50,0%,Run Now 
9740,ChooseYourEducation.com - US - (Proof Needed),https://chooseyoureducation.com/,CPS,$0.00,80%,Run Now 
9739,PROMOVA - CY,https://promova.com/,CPA,$37.50,0%,Run Now 
9732,Refund More - UK,https://refundmore.com/,CPA,EUR5.25,0%,Run Now 
9731,Diesel Emissions Claim - UK,https://www.emissions-compensation-check.co.uk/,CPA,£18.75,0%,Run Now 
9730,Refundmore Flight Claims - UK,https://refundmore.com/,CPA,£7.50,0%,Run Now 
9729,Spray Foam Removal - UK,https://sprayfoamremovalscheme.co.uk/,CPA,£6.25,0%,Run Now 
9728,Big Cupom (Pix) - BR,https://gyazo.com/2f448830d93cb49c69059d378aa89828,CPA,$0.15,0%,Run Now 
9727,AssistanceGuide360 - US,https://gyazo.com/c3a07e7fb0fe8ba272c5acb38b3b48bf,CPA,$0.90,0%,Run Now 
9726,Inflation Relief - Everyday Resources - US,https://www.everydayresources.com/lander/inflation-relief,CPA,$0.60,0%,Run Now 
9725,ConsumerTestConnect - $750 Paypal - US,https://consumertestconnect1.com/paypal-750,CPA,$1.90,0%,Run Now 
9724,ConsumerTestConnect - $750 Amazon - US,https://consumertestconnect1.com/amazon-750,CPA,$1.90,0%,Run Now 
9723,ConsumerTestConnect - $750 Cashapp - US,https://consumertestconnect1.com/cash-750,CPA,$1.90,0%,Run Now 
9722,HealthQuoteCompare - US,https://healthquotecompare.com/,CPA,$11.25,0%,Run Now 
9721,ZippyLoan - US,https://zippyloan.com/,CPA,$28.00,0%,Run Now 
9720, StockMarketSharks.com - US,https://stockmarketsharks.buzzwithbrands.com/stockmarketsharks,CPA,$1.05,0%,Run Now 
9719,Classes and Careers - US,https://colleges.classesandcareers.com/classes,CPA,$7.00,0%,Run Now 
9718,ApprovedLoans -  US,https://www.approvedloans.net/,CPS,$0.00,80%,Run Now 
9716,YIP - Free & Easy Home Insurance Quotes - US,https://yourinsurancepath.com/home-z/?cid=1965,CPA,$7.50,0%,Run Now 
9715,YIP - Free & Easy Health Insurance Quotes -  US,https://yourinsurancepath.com/health-z/?cid=1966,CPA,$7.50,0%,Run Now 
9714,Home Insurance Quotes - Fast Free & Easy - US,https://yourinsurancepath.com/home-z/,CPS,$0.00,80%,Run Now 
9713,Benjamin iOS - US,https://apps.apple.com/us/app/benjamin-earn-money-moments/id6444538603,CPA,$0.20,0%,Run Now 
9712,Best Trading Indicator - Simplify Your Stock Trading - US,https://best-trading-indicator.com/?ref=pct,CPS,$0.00,80%,Run Now 
9711,Bad Ass Extension Cords - US,https://badassextensioncords.com/,CPS,$0.00,80%,Run Now 
9710,At Home: The Home Decor Superstore - US,https://www.athome.com/,CPS,$0.00,80%,Run Now 
9709,Alamo.com Car Rentals - US,https://www.alamo.com/en/home.html,CPS,$0.00,80%,Run Now 
9708,After.com - Affordable Prepaid Cremation Plans - US,https://www.after.com/,CPS,$0.00,80%,Run Now 
9707,Atlas One Fund - US,https://atlasfunding.org/,CPA,$130.00,0%,Run Now 
9705,FileTax.com - US,https://filetax.com/,CPS,$0.00,80%,Run Now 
9699,PolicyProviders.com - Auto Insurance - US,https://policyproviders.com/ppa/,CPS,$0.00,80%,Run Now 
9698,Video Game Addiction Campaign - US - (Proof Needed),https://help-injury.com/vga/,CPA,$75.00,0%,Run Now 
9696,"Snaplii Inc. - CA,US",https://www.snaplii.com/,CPA,$15.00,0%,Run Now 
9695,"GearUP - SG,US",https://www.gearupbooster.com/camp/aion2/,CPS,$0.00,80%,Run Now 
9694,NFHS Network - US,https://www.nfhsnetwork.com/,CPS,$0.00,80%,Run Now 
9693,"MyDataNinja - EE,US",https://mydataninja.com/,CPS,$0.00,80%,Run Now 
9692,Sider - US,https://sider.ai/,CPS,$0.00,80%,Run Now 
9691,EKTA World Wide Travel Insurance + Covid - All Countries,https://ektatraveling.com/?partner_uid=541,CPS,$0.00,80%,Run Now 
9690,Coupert - SG,https://chromewebstore.google.com/detail/coupert-automatic-coupon/mfidniedemcgceagapgdekdbmanojomk,CPS,$0.00,80%,Run Now 
9689,PolicyProviders.com - Auto Insurance - US,https://policyproviders.com/ppa/,CPS,$0.00,80%,Run Now 
9684,Domain.com - US,https://www.networksolutions.com/affiliate-program,CPS,$0.00,80%,Run Now 
9683,Choice Gold Card v2 - US,https://choicegoldcard.com/v2ef?,CPA,$0.45,0%,Run Now 
9682,Slots and Casino - US,https://www.slotsandcasino.ag/landing/11920scf/index.php,CPA,$45.00,0%,Run Now 
9679,Copper Bank App - US ,https://apps.apple.com/us/app/copper-rewards-for-fun/id1486647561,CPA,$2.00,0%,Run Now 
9678,Freecash - US - V3,https://freecash.com/,CPA,$3.00,0%,Run Now 
9677,Klikomics 7 Day Free Trial Paypal Flow - US,https://gyazo.com/d5e166b6c04f2d395f3497b27acf1b43,CPA,$21.00,0%,Run Now 
9676,"Klikomics 7 Day Free Trial - AU,BE,FR,GB,IT,JP,NL,NZ,US",https://gyazo.com/fabc2886ecf78a105ea3d14ae54f1970,CPA,$7.50,0%,Run Now 
9675,Omaha Steaks 7 Day Free Trial - US,https://gyazo.com/bbaf123462b7eeff8cf1a61583cf756d,CPA,$12.00,0%,Run Now 
9674,CarInsureConnect - US,https://carinsureconnect.com/?,CPA,$4.50,0%,Run Now 
9673,Lexington Law - US,https://www.lexingtonlaw.com/?,CPA,$15.00,0%,Run Now 
9667,Window Replacement Pros - (Proof Needed) - US,https://windowreplacepros.com/?adid=9986062,CPA,$30.00,0%,Run Now
9664,"Freecash - DE,FR,SE,AU,UK,AT,BE,CA,JP,CH,PL,US,NL",https://freecash.com/,CPA,$2.25,0%,Run Now
9660,Freecash - US - V2,https://freecash.com/en?,CPA,$1.50,0%,Run Now
9659,Online Stock Brokers - US,https://secure.money.com/lp/online-stock-brokers/lp/best-online-stock-brokers-fm?,CPS,$0.00,80%,Run Now
9658,ED Top 10 - US,https://secure.money.com/lp/erectile-dysfunction-treatment/lp/best-ed-treatment-options-abm-pt-2,CPS,$0.00,80%,Run Now
9657,Home Warranties Top 10 - US,https://secure.money.com/lp/home-warranties/lp/best-home-warranties-abm-pt-3?,CPS,$0.00,80%,Run Now
9656,Weight Loss Top 10 - US,https://secure.money.com/lp/weight-loss/lp/weight-loss-abme?,CPS,$0.00,80%,Run Now
9655,Credit Repair Email Top 10 - US,https://secure.money.com/lp/credit-repair/lp/best-credit-repair-fm?,CPS,$0.00,80%,Run Now
9654,HIMS Hairloss Treatment - US,https://www.hims.com/lp/hair-start-comparison-dlp,CPA,$60.00,0%,Run Now
9653,Remedy Meds - US,https://remedymeds.com/?,CPA,$112.50,0%,Run Now
9652,Medvi - US,https://glp.medvi.org/?,CPA,$90.00,0%,Run Now
9651,Fridays Health - US,https://www.joinfridays.com/?,CPA,$75.00,0%,Run Now
9650,MyUSA Home Warranty - (Proof Needed) - US,https://www.myusafinance.com/offers/home-services/home-warranty,CPS,$0.00,80%,Run Now
9649,MyUSA Home Insurance - (Proof Needed) - US,https://www.myusafinance.com/offers/insurance/home,CPS,$0.00,80%,Run Now
9648,MyUSA Credit Score - (Proof Needed) - US,https://www.myusafinance.com/offers/credit/credit-score,CPS,$0.00,80%,Run Now
9647,MyUSA Financial Assistance - (Proof Needed) - US,https://www.myusafinance.com/offers/personal-finance/financial-assistance,CPS,$0.00,80%,Run Now
9646,MyUSA Bank Accounts - (Proof Needed) - US,https://www.myusafinance.com/offers/personal-finance/bank-accounts,CPS,$0.00,80%,Run Now
9645,Paramount+ Video On Demand Free Trial - US,https://www.paramountplus.com/intl/,CPA,$7.50,0%,Run Now
9644,Sling TV Free Trial - US,https://www.sling.com/,CPA,$6.75,0%,Run Now
9640,USInsuranceQuotes - Health Insurance - US,https://us-insurance-quotes.com/_v1/health.php,CPS,$0.00,80%,Run Now
9639,Choose Your Education - US,https://chooseyoureducation.com/,CPA,$1.90,0%,Run Now
9638,Kobo.com - eBook/Audiobooks 14 Day Free Trial - US,https://www.kobo.com/us/en/plus?,CPA,$7.00,0%,Run Now
9637,Car Quote Inc - US,https://carquoteinc.com/,CPA,$3.00,0%,Run Now
9636,Gemini Bitcoin - US,https://www.gemini.com/,CPA,$3.00,0%,Run Now
9635,TooLucky $1000 Amazon Gift Card - US,https://gyazo.com/712cb0a10666ad68304b4b260693e716,CPS,$0.00,80%,Run Now
9634,Loans4Title.com - US,https://loans4title.com/?,CPS,$0.00,80%,Run Now
9633,LoanAutotitle.com - US,https://www.loanautotitle.com/?,CPS,$0.00,80%,Run Now
9632,Nugenix - US,https://www.nugenixsamples.com/reports/total-t/trial/?prg=55,CPA,$30.00,0%,Run Now
9631,Instaflex Advanced - US,https://www.instaflex.com/advanced/?,CPA,$26.25,0%,Run Now
9630,Instaflex Complete - US,https://www.instaflex.com/complete/trial/,CPA,$22.50,0%,Run Now
9629,Nugenix NeuroZone - US,https://www.nugenix.com/neurozone/trial/?rg=423,CPA,$22.50,0%,Run Now
9628,YIP - Free & Easy Auto Insurance Quotes - US,https://lp.yourinsurancepath.com/?c=1964&lp=66,CPA,$7.50,0%,Run Now
9627,Consumers Credit Union - Vehicle & Car Loans - US,https://www.myconsumers.org/loans/auto-loans,CPA,$52.50,0%,Run Now
9626,TopTop Payday Loans - Let Us Find You a Lender! - US,https://toptoploans.com/payday-loans/,CPS,$0.00,80%,Run Now
9625,Solcredito - Loans - ES,https://www.solcredito.es/,CPS,$0.00,80%,Run Now
9624,Firstbase - Loans & Financial Services - US,https://www.firstbase.io/,CPS,$0.00,80%,Run Now
9623,CashUSA.com: Loans up to $10k - US,https://www.cashusa.com/?aid=14062&cid=5365,CPS,$0.00,80%,Run Now
9622,QuoteHero - US,https://thequotehero.com/auto-v2?,CPS,$0.00,80%,Run Now
9621,Apply Personal Loan Locator - US,https://apply.personalloanlocator.com/v/aff1?subone=4_724715,CPS,$0.00,80%,Run Now
9620,Tap For Credit - US,https://tapforcredit.com/PerfectCard/ApplyStepOne,CPA,$0.95,0%,Run Now
9619,Grants Assistance - US,https://5.grantmethisgrantpls.com/index.php?,CPA,$0.90,0%,Run Now
9618,American Sweeps - US,https://05.sweepscentreusa.com/?cid=rdrvd&,CPA,$1.00,0%,Run Now
9617,Home Services - Redostar - Windows - (Proof Needed) - US,https://windows-tt.redostar.com/,CPS,$0.00,80%,Run Now
9616,Home Services - Redostar - Bath Remodeling  - (Proof Needed) - US,https://bathremodeling-tt.redostar.com/,CPS,$0.00,80%,Run Now
9615,Home Services - Redostar - HVAC - (Proof Needed) - US,https://hvac-tt.redostar.com/,CPS,$0.00,80%,Run Now
9614,Home Services - Redostar - Roofing - (Proof Needed) - US,https://roofing-tt.redostar.com/,CPS,$0.00,80%,Run Now
9613,Chime Card Visa - (Proof Needed) - US,https://chime.pxf.io/c/2191982/2338490/28165,CPA,$18.00,0%,Run Now
9612,Top 10 Home Security - US,https://www.top10.com/home-security-match/discover?,CPS,$0.00,80%,Run Now
9611,Complete Car Warranty - (Proof Needed) - US,https://completecarwarranty.com/index.php,CPA,$8.10,0%,Run Now
9610,Direct Fund Center - US,https://www.directfundcenter.com/,CPS,$0.00,80%,Run Now
9609,Slam Dunk Loans - US,https://www.slamdunkloans.co/,CPS,$0.00,80%,Run Now
9608,Loan Turkey - US,https://www.loanturkey.com/,CPS,$0.00,80%,Run Now
9607,Agilerates - Home - US,https://www.agilerates.com/quotes/home-insurance/?,CPS,$0.00,80%,Run Now
9606,Finance - Fresh5K  - US,https://www.fresh5k.com/?,CPS,$0.00,80%,Run Now
9605,Roof4U - US,https://roof4u.co/,CPA,$9.00,0%,Run Now
9604,Bath4U - US,https://bath4u.co/,CPA,$7.50,0%,Run Now
9603,ARS HVAC - US,https://goamericanresidentialservices.com/ars/a/step/1?,CPA,$4.50,0%,Run Now
9602,Top Credit Card Finder - US,https://go.topcreditcardfinder.com/api/offer,CPA,$0.75,0%,Run Now
9601,AtlasWizard Auto Insurance - US,https://atlaswizard.com/,CPS,$0.00,80%,Run Now
9600,Windows - US - (Proof Needed),https://home.myremodelhelper.com/windows/,CPA,$9.00,0%,Run Now
9599,Lebara Mobile - 3GB Monthly SIM Only Plans for £5! - UK,https://www.lebara.co.uk/en/best-sim-only-deals/p/441125.html,CPA,$3.35,0%,Run Now
9598,Hu - Organic Chocolate Bars with No Weird Ingredients! - UK,https://hukitchen.co.uk/collections/dark-chocolate-bars?,CPS,$0.00,80%,Run Now
9597,CreditVana - Free Credit Scores - US,https://creditvana.com/,CPA,$3.95,0%,Run Now
9596,Cheers Financial - Build Credit on Autopilot - US,https://www.cheers.credit/,CPA,$10.50,0%,Run Now
9586,Champion Auto Insurance - US - (Proof Needed),https://championautoinsurance.com/,CPA,$1.35,0%,Run Now
9585,Select My Policy - Auto Insurance - US,https://selectmypolicy.com/auto,CPA,$6.75,0%,Run Now
9584,My Auto Loan - US,https://www.myautoloan.com/,CPA,$5.25,0%,Run Now
9583,Upside - US - (Proof Needed),https://www.upside.com/%5C,CPA,$4.50,0%,Run Now
9582,MAGNUM - Credit Builder Account - US - (Proof Needed),https://magnum.bank/credit-builder/?,CPA,$26.25,0%,Run Now
9581,Arro Card - US - (Proof Needed),https://arrocardnow.com/Apply/61f8e1a3-7b51-44e7-8ee7-62c63f519c74?hid=YB1F3A,CPA,$17.00,0%,Run Now
9579,"Nectar AI Fantasy Dating - US,UK,CA,RU",https://nectar.ai/,CPS,$0.00,80%,Run Now
9578,WiseSavings - US - (Proof Needed),https://app.wisesavings.com/,CPA,$1.80,0%,Run Now
9576,ActuateCare - US,https://www.directpaycare.com/,CPA,$7.50,0%,Run Now
9575,GlucoRecover - US,https://glucorecover.com/search/?,CPA,$123.75,0%,Run Now
9571,Rokid - CN,https://global.rokid.com/products/rokid-glasses,CPS,,80%,Run Now
9563,Crypto.com - UK,https://www.crypto.com/,CPS,$0.00,80%,Run Now
9562,"Krankz Audio - Quality Bluetooth Headphones - CA,US",https://krankzaudio.com/,CPS,$0.00,80%,Run Now
9561,"Epicure: 20 Minute Meals & More! (15% Off) - US,CA",https://epicure.com/,CPS,$0.00,80%,Run Now
9560,Dr. Berg - The Knowledge Doc - 10% OFF! - US,https://shop.drberg.com/,CPS,$0.00,80%,Run Now
9559,SisalFunClub - CPR - iOS Only - IT - (Proof Needed),https://apps.apple.com/al/app/sisalfunclub/id1641483899,CPA,$3.55,0%,Run Now
9558,SisalFunClub - CPR - Android Only - IT - (Proof Needed),https://play.google.com/store/apps/details?id=com.sisal.sisalfunclub&pli=1,CPA,$3.55,0%,Run Now
9557,Select My Policy - Medicare - US - (Proof Needed),https://selectmypolicy.com/medicare,CPA,$6.20,0%,Run Now
9556,Select My Policy - Health Insurance - US - (Proof Needed),https://selectmypolicy.com/health,CPA,$5.00,0%,Run Now
9550,"DM Tokenized Gold - AU,CA,SG,DE,NL,US",https://www.d-mstrs.com/training,CPS,$0.00,80%,Run Now
9549,USInsuranceQuotes - Auto Insurance - US - (Proof Needed),https://us-insurance-quotes.com/_v1/auto.php,CPS,$0.00,80%,Run Now
9548,Local Service Match - Plumbing - US,https://plumbing.localservicematch.com/?,CPS,$0.00,80%,Run Now
9547,Save On Auto Plans: Short Form - US,https://saveonautoplans.com/?,CPS,$0.00,80%,Run Now
9546,QuoteWizard Auto Insurance - US - (Proof Needed),https://quotewizard.com/,CPS,$0.00,80%,Run Now
9545,CompareCarUSA - US - (Proof Needed),https://comparecarusa.com/g?,CPS,$0.00,80%,Run Now
9544,Deoxygain - US,https://deoxygain.com/,CPS,$0.00,80%,Run Now
9543,TurboTenant - US,https://www.turbotenant.com/,CPS,$0.00,80%,Run Now
9542,Kudos - US,https://www.joinkudos.com/explore-cards?prime=1?levelUp=1,CPS,$0.00,80%,Run Now
9541,Hardaddy - CN,https://www.hardaddy.com/activity/limit_discount/products/8,CPS,$0.00,80%,Run Now
9540,LuxeDecor - US,https://www.luxedecor.com/,CPS,$0.00,80%,Run Now
9539,NativeToWear - IT,https://www.nativetowear.com/it,CPS,$0.00,80%,Run Now
9538,Orion Motor Tech - CN,https://orionmotortech.com/?utm_source=impact&utm_medium=textlink&utm_campaign=OMT,CPS,$0.00,80%,Run Now
9537,Aosom - CA,https://www.aosom.ca/activity/thanksgiving,CPS,$0.00,80%,Run Now
9536,VPN Proxy Master - US - iOS Only,https://apps.apple.com/app/id1583175414,CPA,$1.00,0%,Run Now
9535,"MyMobileSecure - US,UK,CA - Android Only",https://play.google.com/store/apps/details?id=com.voicefive.mms,CPA,$0.65,0%,Run Now
9534,HotVPN - All Countries - iOS Only,https://gyazo.com/df1798e5240cd06412c59b0c7c0f1ec9,CPS,$0.00,80%,Run Now
9533,EasyStart VPN Proxy - US - iOS Only,https://apps.apple.com/ru/app/private-vpn-proxy-easy-start/id1612822001,CPA,$1.05,0%,Run Now
9532,Slick Esim Proxy - US - iOS Only,https://apps.apple.com/us/app/slick-esim-global-calls/id1587682484,CPA,$0.85,0%,Run Now
9531,Cryptomania - All Countries - Android Only,https://gyazo.com/8b9856cb83be1384564ce6647ffaf271,CPS,$0.00,80%,Run Now
9530,MICAS Affiliate Program - HK,https://shopmicas.com/collections/black-friday-up-to-90,CPS,$0.00,80%,Run Now
9529,Yesoul Fitness Limited - HK,https://yesoulfitness.ca/,CPS,$0.00,80%,Run Now
9528,iubenda - IT,https://www.iubenda.com/en/help/141269-eu-whistleblower-directive-guide-iubenda-tool,CPS,$0.00,80%,Run Now
9527,fr.ulike.com - US,http://fr.ulike.com/,CPS,$0.00,80%,Run Now
9526,Hohem Affiliate Program - CN,https://store.hohem.com/products/hohem-pro4,CPS,$0.00,80%,Run Now
9522,Branded Surveys - US,https://surveys.gobranded.com/landers/index/surveys-for-money/?,CPA,$1.45,0%,Run Now
9521,Lavish Green - US,https://lavishgreen.com/,CPA,$0.80,0%,Run Now
9520,Toluna Influencers - US,https://www.toluna.com/en-GB/,CPA,$1.25,0%,Run Now
9519,Earn Haus - US,https://earnhaus.com/landing2?,CPA,$0.80,0%,Run Now
9518,$500 Popeyes Gift Card - US,https://consumerdigitalsurvey.com/?session_id=febde912eb1911f09b8c1b3694bcc7b7,CPA,$1.90,0%,Run Now
9517,$1000 PNC Bank Gift Card - US,https://consumerdigitalsurvey.com/?session_id=eb43dd4ceb1911f0907325bbc67c7d5d,CPA,$1.90,0%,Run Now
9516,$250 TEMU Gift Card - US,https://www3.buzzworthyoffers.com/?session_id=d4528d36eb1911f0895b46bbc67c7d5d,CPA,$1.90,0%,Run Now
9515,$100 Publix - US,https://www3.buzzworthyoffers.com/?session_id=aa676cc6eb1911f0ab4e26bbc67c7d5d,CPA,$1.90,0%,Run Now
9514,$1000 Target Gift Card - US,https://consumerdigitalsurvey.com/?session_id=79ab42a6eb1911f0977a1bbbc67c7d5d,CPA,$1.90,0%,Run Now
9513,Finance - LoansUnder36 - US,https://www.loansunder36.com/,CPS,$0.00,80%,Run Now
9512,Get Windows - US ,https://www.getwindow-estimates.com/,CPS,$0.00,80%,Run Now
9511,RedArrowLoans - US,https://www.redarrowloans.com/?,CPS,$0.00,80%,Run Now
9510,Section 8 - US,https://6.section8foryou.com/index.php?pid=496,CPA,$0.75,0%,Run Now
9509,Swagbucks - US,https://www.swagbucks.com/lp-spare?postRegUrl=/app,CPS,$0.00,80%,Run Now
9508,FitVille - US,https://www.thefitville.com/,CPS,$0.00,80%,Run Now
9507,freebeatfit.com - US,https://www.freebeatfit.com/,CPS,$0.00,80%,Run Now
9506,AlivingHome - US,https://alivinghome.com/pages/special-sale?,CPS,$0.00,80%,Run Now
9505,iseehair.com - HK,https://www.iseehair.com/half-wig.html,CPS,$0.00,80%,Run Now
9504,us.ulike.com - HK,https://ulike.com/,CPS,$0.00,80%,Run Now
9503,Liberty Mutual - US,https://www.libertymutual.com/multi-online-quotes?selectedOpt=auto_home,CPA,$2.25,0%,Run Now
9501,Educate Simplify's - US,https://educatesimplify.com/,CPS,$0.00,80%,Run Now
9500,Zebra Golf (USA) - US,https://www.zebragolf.com/,CPS,$0.00,80%,Run Now
9499,FitVille-DE -  US,https://thefitville.de/collections/alle-schuhe-fur-damen/products/damen-rebound-core,CPS,$0.00,80%,Run Now
9498,iscooter - CN,https://www.iscooterglobal.co.uk/products/u2-ebike,CPS,$0.00,80%,Run Now
9497,ohmyprettywig.com - HK,https://www.ohmyprettywig.com/pages/bogo-flash-sale,CPS,$0.00,80%,Run Now
9496,Corel - US,https://www.coreldraw.com/en/product/coreldraw/,CPS,$0.00,80%,Run Now
9495,The Dating Smartlink - All Coutries,https://ameliadreams.com/landing,CPS,$0.00,80%,Run Now
9494,HomeBase - US,https://www.join.homebase.ly/get-started?t,CPA,$0.75,0%,Run Now
9487,Everyday Chance – $500 Sweepstakes - US,https://www.everydaychance.com/,CPA,$1.90,0%,Run Now
9486,Blissful Daily – $500 Sweepstakes - US,https://www.blissfuldaily.com/,CPA,$1.90,0%,Run Now
9485,Self Inc. Credit Card - US,https://learn.self.inc/lpg/affiliate/master/zero_annual_dt-scc/?,CPA,$12.00,0%,Run Now
9469,Assist Diabetics - US,https://assistdiabetics.com/?rfsn=5733148.054c31,CPA,$5.25,0%,Run Now
9464,RockWallet LLC - US (Android and iOS Only),https://www.rockwallet.com/affiliates,CPA,$67.50,0%,Run Now
9463,"Nexo - KY,ID,IE,PR,IL,RU",https://nexo.com/affiliate,CPA,$15.00,0%,Run Now
9462,Estée Lauder Samples - US,https://rewsandsamps.com/samples/esteelauder?,CPA,$1.15,0%,Run Now
9461,Carl's JR Samples - US,https://rewsandsamps.com/samples/carlsjr?,CPA,$0.95,0%,Run Now
9457,SantaLoot - US,https://www.santaloot.com/?,CPA,$1.60,0%,Run Now
9456,"Direct Application - AU,CA,SG,DE,NL,US - (Proof Needed)",https://www.decentralized-m.com/apply,CPS,$0.00,80%,Run Now
9455,"Free Strategy Kit - AU,CA,SG,DE,NL,US - (Proof Needed)",https://www.decen-masters.com/kit,CPS,$0.00,80%,Run Now
9454,"Become Your Own Bank - AU,CA,SG,DE,NL,US - (Proof Needed)",https://www.dcen-mstrs.com/optin,CPS,$0.00,80%,Run Now
9453,"Native Markets DMO - AU,CA,SG,DE,NL,US - (Proof Needed)",https://www.decentralized-m.com/optin,CPS,$0.00,80%,Run Now
9439,JoinFizz - Build Credit - US,https://joinfizz.com/?,CPA,$1.50,0%,Run Now
9435,TheNewMoney - US,https://www.thenew.money/app?,CPA,$2.25,0%,Run Now
9430,Shana - US,https://en.shana-tarot.com/chatm/shana/en/?,CPA,$0.75,0%,Run Now
9429,DuckyLuck - US,https://www.duckyluck.ag/landing/11920dcf/index.php,CPA,$60.00,0%,Run Now
9428,Surveys2Cash - US,https://surveys2cash.com/register,CPA,$1.05,0%,Run Now
9427,Earn Haus - US,https://earnhaus.com/landing2?,CPA,$0.55,0%,Run Now
9426,Polls Rewards - US,https://www.pollsrewards.com/,CPA,$0.60,0%,Run Now
9424,P&G Superbowl Sweeps - US,https://pgbrandsaver.com/signup/SuperBowlLX/?,CPA,$0.70,0%,Run Now
9423,iLending - US - (Proof Needed),https://ilendingcarloanrefinancing.com/,CPA,$112.50,0%,Run Now
9422,Fizz - US - (Proof Needed),https://joinfizz.com/,CPA,$18.75,0%,Run Now
9421,SelectQuote Final Expense - US,https://life.selectquote.com/final-expenses/quote-form?,CPS,$0.00,80%,Run Now
9420,Best Money Auto Insurance - US,https://www.bestmoney.com/car-insurance/compare-car-insurance?,CPS,$0.00,80%,Run Now
9417,"System Mechanic Ultimate Defense - US,CA,UK,AU,NZ - (Proof Needed)",https://www.iolo.com/products/system-mechanic-ultimate-defense/?,CPA,$48.75,0%,Run Now
9416,"System Mechanic - US,CA,UK,AU,NZ - (Proof Needed)",https://www.iolo.com/landing/get-system-mechanic-scan-3/?,CPA,$48.75,0%,Run Now
9415,"SUPERAntiSpyware - US,CA,UK,AU,NZ - (Proof Needed)",https://www2.superantispyware.com/landing/scanner?,CPA,$48.75,0%,Run Now
9414,"MyCleanPC - US,CA,UK,AU,NZ - (Proof Needed)",https://www.mycleanpc.com/index3.html?,CPA,$52.50,0%,Run Now
9413,"GetMyDrivers - US,CA,UK,AU,NZ - (Proof Needed)",https://www.getmydrivers.com/index3.html?,CPA,$45.00,0%,Run Now
9412,CVwizard.com - US - (Proof Needed),https://www.cvwizard.com/en,CPS,$0.00,80%,Run Now
9411,Jobseeker.com - US - (Proof Needed),https://www.jobseeker.com/en,CPS,$0.00,80%,Run Now
9407,MonsterPrizes - Unclaimed Money Benefit - US,https://gyazo.com/19afdaf3ae90bdf29d3d4b2c36bb7d07,CPA,$1.50,0%,Run Now
9405,Total Collagen Boost - US - (Proof Needed),https://pages.revivalpoint.com/vsl/collagen-boost?,CPA,$75.00,0%,Run Now
9404,Deep Skin Restore (DSR) - US - (Proof Needed),https://pages.revivalpoint.com/vsl/crepey,CPA,$52.50,0%,Run Now
9403,Total Bowel Release (TBR) - US - (Proof Needed),https://pages.revivalpoint.com/vsl/clearbowels,CPA,$112.50,0%,Run Now
9402,BladderGenix (BGE) - US - (Proof Needed),https://pages.revivalpoint.com/vsl/urgecontrol,CPA,$52.50,0%,Run Now
9401,Immortal Flow (IMF) - US - (Proof Needed),https://getimmortalflowsecret.com/vsl/muscle-trick,CPA,$150.00,0%,Run Now
9400,Muscle Genesis - US - (Proof Needed),https://www.getmusclegenesis.com/vsl/seniormuscle,CPA,$75.00,0%,Run Now
9399,Vital Muscle Boost (VMB) - US - (Proof Needed),https://www.getvitalmuscleboost.com/vsl/toned,CPA,$75.00,0%,Run Now
9398,Total Brain Boost (TBB) - US - (Proof Needed),https://totalbrainboost.com/vsl/new-brain-booster,CPA,$75.00,0%,Run Now
9397,Brazilian Wood - US - (Proof Needed),https://novus.brazilianhardeningsecret.com/vsl/muscle-trick,CPA,$187.50,0%,Run Now
9396,5G Male - US - (Proof Needed),https://www.5gformula.com/vsl/aff_special20?,CPA,$225.00,0%,Run Now
9395,Nitric Drive - US - (Proof Needed),https://nitricdrive.com/v/dlandvsl.php,CPA,$187.50,0%,Run Now
9394,Montezuma Secret - US - (Proof Needed),https://5hardeningfruits.com/v/dlandvsl.php,CPA,$225.00,0%,Run Now
9393,Keurig - US,https://www.keurig.com/,CPS,$0.00,80%,Run Now
9392,After Services - US,https://www.after.com/,CPS,$0.00,80%,Run Now
9391,Output - US,https://output.com/blog/arcade-referral-program,CPS,$0.00,80%,Run Now
9390,Castle - US,https://www.getcastle.com/pricing,CPS,$0.00,80%,Run Now
9389,Proper Insurance - US,https://proper.insure/,CPA,$37.50,0%,Run Now
9388,Chaiz - US,https://www.chaiz.com/,CPA,$187.50,0%,Run Now
9387,Super Savings Online (Seniors Listicle)  - US,https://super-savings-online.com/19500469.php?,CPS,$0.00,80%,Run Now
9386,Make Money  V2 - US,https://secure.money.com/lp/ways-to-make-money/lp/make-money-abm-email?,CPS,$0.00,80%,Run Now
9385,Make Money - US,https://secure.money.com/lp/ways-to-make-money/lp/flex-marketing-make-money?,CPS,$0.00,80%,Run Now
9373,Rewards Shein $750 Shopping - US,https://www.uplevelrewards.com/?Flow=656AE1C3-D3CE-3C2C-D9AE-1CBE7395FA7DE8814900&isPrePop=true&RBC=1&lp=flashpollshopping&reward=sheinpoll750,CPS,$0.00,80%,Run Now
9372,Rewards Product Reviewer Amazon $750 - US,https://www.uplevelrewards.com/?Flow=656AE1C3-D3CE-3C2C-D9AE-1CBE7395FA7DE8814900&isPrePop=true&lp=reviewerbonus750&reward=amazon750rvwrbnsboxes,CPS,$0.00,80%,Run Now
9371,RewardSpark - Target Holiday $1000 - US,https://rewardspark.co/rewards-target-holiday-1000,CPA,$0.90,0%,Run Now
9370,RewardSpark - Amazon Black Friday $1000 - US,https://rewardspark.co/rewards-amazon-black-friday-1000,CPA,$1.13,0%,Run Now
9369,DLZO - $500 Capital One Gold - US,https://dlzoffers.com/,CPA,$1.88,0%,Run Now
9368,Level Rewards Sam's Club - $750 Shopping - US,https://www.uplevelrewards.com/?Flow=656AE1C3-D3CE-3C2C-D9AE-1CBE7395FA7DE8814900&isPrePop=true&RBC=1&lp=flashpollshopping&reward=samsclub750pollus,CPA,$1.50,0%,Run Now
9367,KingOpinion - US,https://www.kingopinion.com/en/landing/1?,CPA,$0.90,0%,Run Now
9365,Everyday Winner - $25 Dunkin' eGift Card - US,https://www.everydaywinner.com/?override=51,CPA,$0.90,0%,Run Now
9364,Surveoo - US,https://www.surveoo.com/en/,CPA,$0.83,0%,Run Now
9363,$750 Shein Gift Card - US,https://www5.buzzworthyoffers.com/?,CPA,$1.88,0%,Run Now
9362,$500 Mastercard Black - US,https://consumerdigitalsurvey.com/?,CPA,$1.88,0%,Run Now
9361,$250 Paypal Gift Card - US,https://buzz-worthy-offers.com/?,CPA,$1.88,0%,Run Now
9360,$500 eBay GC - US,https://consumerdigitalsurvey.com/?,CPA,$1.88,0%,Run Now
9357,Your Home Connection - US - (Proof Needed),https://gyazo.com/47494d41f7c86297a20eb6e3b0a17c10,CPS,$0.00,80%,Run Now
9356,Zippy Loans - US - (Proof Needed),https://gyazo.com/8e80885891be709d587d20e4b9c46b9e,CPA,$11.25,0%,Run Now
9354,ChristmasLoans.us - US,https://christmasloans.us/?,CPS,$0.00,80%,Run Now
9352,Albert: Budgeting and Banking - US - (Android),https://play.google.com/store/apps/details?id=com.meetalbert,CPA,$0.77,0%,Run Now
9351,Albert: Budgeting and Banking - US - (iOS),https://apps.apple.com/us/app/albert-budgeting-and-banking/id1057771088,CPA,$0.77,0%,Run Now
9350,Fanduel - US - (iOS),https://apps.apple.com/us/app/fanduel-sportsbook-casino/id1413721906,CPA,$33.00,0%,Run Now
9348,SweepstakesBucks Win $1000 - US,https://www.sweepstakesbucks.com/international,CPA,$1.00,0%,Run Now
9347,JobAvail Application - US,https://www.jobavail.com/international,CPA,$0.90,0%,Run Now
9346,HelloSavings Coupons - US,https://path.hellosavings.co/international,CPA,$0.90,0%,Run Now
9345,USOpinionPoll Surveys - US,https://www.usopinionpoll.com/international,CPA,$0.81,0%,Run Now
9344,SweepstakesBucks Win $5000 - US,https://www.sweepstakesbucks.com/international,CPA,$1.00,0%,Run Now
9343,SweepstakesBucks Win $25 000 - US,https://www.sweepstakesbucks.com/international,CPA,$1.00,0%,Run Now
9342,Fubo TV - Free Trial - US,https://gyazo.com/938930d8979ed97c2e43ffad27fd00fe,CPA,$2.10,0%,Run Now
9341,18+ Only (3G/Wifi) - All Countries,https://gyazo.com/81afd5abc77a723a1c8a2bb18850203b,CPA,$0.53,0%,Run Now
9340,Mainstream Games (Telkomsel/Wifi) - ID,https://gyazo.com/02f879af8e127f9378417e9406edc59b,CPA,$0.08,0%,Run Now
9336,Car Insurance 4 Less - US,https://carinsurance4less.co/rate-qs/?,CPS,$0.00,80%,Run Now
9333,Zacks Investment Research - US,https://www.zacks.com/registration/order.php?add=2352,CPA,$60.00,0%,Run Now
9332,"YourHomesConnection.com - CA,US - (Proof Needed)",https://yourhomesconnection.com/,CPS,$0.00,80%,Run Now
9330,AllCreditFunds - US,https://www.allcreditfunds.com/?,CPS,$0.00,80%,Run Now
9328,SoFi Credit Score Monitoring - US,https://www.sofi.com/financial-insights/credit-score-monitoring-offer-affiliates/,CPA,$3.19,0%,Run Now
9327,Alt Lending - US,https://altlendingllc.com/,CPA,$225.00,0%,Run Now
9326,Rewardzinga - US,https://7.getngoodsdirect.com/journey?,CPA,$0.68,0%,Run Now
9322,Cabinet Remodel Pros - US - Zip Targeted - (Proof Needed),https://www.cabinetremodelpros.com/,CPA,$30.00,0%,Run Now
9321,KikOff Credit Builder - US - (Proof Needed),https://kikoff.com/?,CPA,$16.50,0%,Run Now
9320,Get Funds Quickly - US,https://www.getfundsquickly.com/?,CPS,$0.00,80%,Run Now
9319,My Resource Helper - US,https://www.myresourcehelper.com/get-resources-now,CPA,$1.80,0%,Run Now
9317,ClassPass Free Trial - US,https://classpass.com/,CPA,$1.88,0%,Run Now
9314,AmericanFastCash - US,https://www.americanfastcash.com/?,CPS,$0.00,80%,Run Now
9309,Titanium Cutting Board - KatuChef - CTC $59.00 - All Coutries,https://trykatuchef.com/pp/en/,CPA,$48.75,0%,Run Now
9308,Dash Cam - DashOne Pro - CTC $69.99 - All Coutries,https://takedashonepro.com/,CPA,$56.25,0%,Run Now
9307,Driving Glasses - PolorVision - CTC $59.99 - All Coutries,https://get-polorvision.com/pp/en-cl/,CPA,$52.50,0%,Run Now
9306,Air Purifier - Clairu - CTC $39.95 - All Coutries,https://get-clairu.com/,CPA,$37.50,0%,Run Now
9305,Heater - WellHeater - CTC $49.99 - All Coutries,https://get-wellheater.com/pp/au-1/,CPA,$52.50,0%,Run Now
9304,Anti-Bark Collar - NooBark - CTC $59.99 - All Coutries,https://get-noobark.com/pp/en/,CPA,$45.00,0%,Run Now
9303,GPS Air Tag - iTagPro - CTC $41.99 - All Coutries,https://get-itagpro.com/pp/gps-tracker-us/,CPA,$45.00,0%,Run Now
9302,Mini Wifi Camera - VistaFocus - CTC $39.99 - All Coutries,https://get-vistafocus.com/pp/en/,CPA,$45.00,0%,Run Now
9301,Smart TV USB Stick - Flixy - CTC $73.99 - All Coutries,https://get-flixy.com/pp/en/,CPA,$48.75,0%,Run Now
9300,Anti Snoring Mouthpiece - SleepZee - CTC $59.95 (17) - All Coutries,https://get-sleepzee.com/,CPA,$41.25,0%,Run Now
9299,Free Cash - US,https://freecash.com/,CPA,$1.50,0%,Run Now
9295,TopTopServices - Solar - US,https://toptopservices.com/solar,CPS,$0.00,80%,Run Now
9294,TopTopServices - Windows Remodel Premium - US,https://toptopservices.com/windows/?,CPA,$28.13,0%,Run Now
9293,TopTopServices - Bathroom Remodel Premium - US,https://toptopservices.com/bathroom/?,CPA,$28.13,0%,Run Now
9292,TopTopServices - Solar Premium - US,https://toptopservices.com/solar/?,CPA,$22.50,0%,Run Now
9290,Empowerly - US,https://empowerly.com/,CPS,$0.00,80%,Run Now
9287,Choose Your Education - US - (Proof Needed),https://chooseyoureducation.com/,CPA,$4.05,0%,Run Now
9284,Cliqsilver Debt - US,https://quote.cliqsilver.com/enrollment/4,CPS,$0.00,80%,Run Now
9274,USAccidentAdvocates - US - (Proof Needed),https://usaccidentadvocates.com/,CPA,$33.75,0%,Run Now
9272,EquiRates Auto Insurance - US,https://equirates.com/,CPA,$1.88,0%,Run Now
9270,AxQuotes Auto Insurance - US - (Social Only),https://suretrust.axquotes.com/lmain?slug=AutoSocialMediaDefault,CPA,$5.25,0%,Run Now
9269,"VTOMAN - US,CA",https://vtoman.com/pages/sale,CPS,$0.00,80%,Run Now
9268,VEVOR - CA,https://www.vevor.ca/best-sellers,CPS,$0.00,80%,Run Now
9266,Esaver (No Pre-Lander) - US,https://urbanstoredepot.com/es13-vamp?,CPA,$20.25,0%,Run Now
9265,Bear Grylls ZapNado Bug Zapper (Pre-Lander) - US,https://gyazo.com/d0fe80184cf599b9c9e715152aabbd32,CPA,$17.63,0%,Run Now
9263,Esaver Shark Tank (Pre-Lander) - US,https://gyazo.com/5ed968031b64ad338c5ff70c7f972a18,CPA,$24.38,0%,Run Now
9262,Tinyhood - US,https://www.tinyhood.com/courses/potty-training,CPS,$0.00,80%,Run Now
9261,Your Personal Finance Path - Loan / Debt Options - US,https://lp.yourhomeservicespath.com/?c=1670&lp=41,CPS,$0.00,80%,Run Now
9259,Online Loan Network - US,https://www.onlineloannetwork.com/,CPS,$0.00,80%,Run Now
9258,"Tax Day Loans - Request Up to $50,000? - US",https://www.taxdayloans.com/?id=VwPD7yQBeA_aO5f9jpr3GTeF9KOZNSsAZTZVTXVydDk.,CPA,$7.69,0%,Run Now
9256,YourHomesRoofPros.com - US - (Proof Needed),https://yourhomesroofpros.com/,CPS,$0.00,80%,Run Now
9255,YourHomesSolarPros.com - US - (Proof Needed),https://yourhomessolarpros.com/,CPS,$0.00,80%,Run Now
9254,HomesBathrooms.com - US - (Proof Needed),https://homesbathrooms.com/,CPS,$0.00,80%,Run Now
9253,HomesWindows.com - US - (Proof Needed),https://homeswindows.com/,CPS,$0.00,80%,Run Now
9250,My Remodel Helper Roof - US - (Proof Needed),https://myremodelhelper.com/roofing/,CPA,$13.50,0%,Run Now
9249,My Remodel Helper Windows - US - (Proof Needed),https://myremodelhelper.com/windows/,CPA,$13.50,0%,Run Now
9248,My Remodel Helper Walk in Shower - US - (Proof Needed),https://myremodelhelper.com/walk-in-showers/,CPA,$12.00,0%,Run Now
9247,My Remodel Helper Bath - US - (Proof Needed),https://myremodelhelper.com/bathroom/,CPA,$12.00,0%,Run Now
9246,BorrowMoney.us - US,https://borrowmoney.us/,CPS,$0.00,80%,Run Now
9244,My Fast Advance - Loan Request - US,https://myfastadvance.com/get-started/?cid2=730&loanAmount=500&loanReason=OTHER&creditScore=POOR,CPS,$0.00,80%,Run Now
9243,HonestLoans - US,https://www.honestloans.net/,CPS,$0.00,80%,Run Now
9242,First Family Lending - US,https://www.firstfamilylending.com/,CPS,$0.00,80%,Run Now
9241,Financial Help Finder - Get Free Guide - US,https://financialhelpfinder.com/?affid=15&subid1=PCT,CPA,$1.05,0%,Run Now
9240,Financeify - Free Credit Score Trial - US,https://www.financeify.co/?,CPA,$10.69,0%,Run Now
9239,Books2Door - US,http://www.instagram.com/books2dooruk/,CPS,$0.00,80%,Run Now
9238,Fora Financial - US,https://www.forafinancial.com/faq/,CPS,$0.00,80%,Run Now
9237,Subto - US,https://www.subto.com/join,CPS,$0.00,80%,Run Now
9236,Debt Authority - US,https://benefits-authority.com/,CPA,$0.79,0%,Run Now
9235,Hot Loans Today - US,https://www.hotloanstoday.com/,CPS,$0.00,80%,Run Now
9227,RubikLoan - US,https://www.rubikloan.com/,CPA,$7.50,0%,Run Now
9226,iCashLoans - US,https://www.icashloans.com/,CPA,$7.50,0%,Run Now
9224,Now Personal Loan - US,https://www.nowpersonalloan.com/?c=228138,CPA,$7.50,0%,Run Now
9222,Personalloans.com: Up to $35000 - US,https://personalloans.com/?aid=14062&cid=5365,CPS,$0.00,80%,Run Now
9221,SpeedyNetLoan - US,https://speedynetloan.com/,CPS,$0.00,80%,Run Now
9220,Snappy Loans: Fast Cash Loans up to $1000 - US,https://snappy.loans/,CPA,$3.75,0%,Run Now
9219,MyGiftMoney - Get Money As Fast As Tomorrow! - US,https://www.mygiftmoney.com/,CPA,$97.50,0%,Run Now
9218,MotoFunds - Need Funds to Assist with Vehicle or Motorcycle Purchase? - US,https://www.motofunds.com/,CPA,$23.63,0%,Run Now
9217,Money Pup Loans - Online Loan Application - US,https://www.moneypuploans.com/,CPA,$90.00,0%,Run Now
9216,Medical Loans 365 - Get up to $50000 Tomorrow! - US,https://www.medicalloans365.com/,CPA,$93.75,0%,Run Now
9215,HonestLoans: Personal Loans (loans up to $2500) - US,https://www.honestloans.net/,CPA,$93.75,0%,Run Now
9214,Docupop - US,https://www.docupop.com/impact/,CPA,$74.25,0%,Run Now
9213,Ka-Bahai Ambassador - US,https://www.bahaideals.com/agentsignup,CPA,$75.00,0%,Run Now
9212,Entrepreneurial Mastery MBA - US,https://entrepreneurialmasterymba.com/,CPS,$0.00,80%,Run Now
9206,World of Warships: New Player Registration - KR,https://promo.worldofwarships.asia/glows-34505/asia-ko/,CPA,$5.25,0%,Run Now
9205,World of Warships: New Player Registration - HK,https://promo.worldofwarships.asia/glows-34505/asia-zh-tw/,CPA,$4.69,0%,Run Now
9203,ResearchOnMobile - Fill Survey For Reward - RU,https://previews.looksquirrel.space/25617.png,CPA,$0.41,0%,Run Now
9202,Research Project: Consumer Survey - IN,https://engage.pulseopinion.com/landing?vid=1112,CPA,$0.21,0%,Run Now
9199,SimOptions - HK,https://www.simoptions.com/,CPS,$0.00,80%,Run Now
9198,Odinlake - HK,https://www.odinlake.com/products/odinlake-electric-standing-desk-s450,CPS,$0.00,80%,Run Now
9197,Ursime - CN,https://ursime.com/,CPS,$0.00,80%,Run Now
9196,Inyarose - CN,https://www.inyarose.com/,CPS,$0.00,80%,Run Now
9195,Xpluswear - CN,https://www.xpluswear.com/,CPS,$0.00,80%,Run Now
9194,Lightinthebox - CN,https://www.lightinthebox.com/,CPS,$0.00,80%,Run Now
9193,Miradore - US,https://www.miradore.com/plans-pricing/,CPA,$7.50,0%,Run Now
9192,WalkingPad - US,https://www.walkingpad.com/,CPS,$0.00,80%,Run Now
9191,Center for Vein Restoration - US,https://stockings.centerforvein.com/collections/the-rejuva-line,CPS,$0.00,80%,Run Now
9190,BrightPathLoans - US,https://www.brightpathloans.com/loans.html,CPA,$30.00,0%,Run Now
9189,Els Pet - HK,https://www.elspet.com/products/els-pet-spaceship-self-cleaning-litter-box-clean-bundle-copy,CPS,$0.00,80%,Run Now
9188,BOYA - CN,https://store.boyamic.com/products/boyamic2,CPS,$0.00,80%,Run Now
9187,Lilicloth - CN,https://lilicloth.com/collections/bestseller,CPS,$0.00,80%,Run Now
9186,isinwheel - CN,https://www.isinwheel.co.uk/products/circooter-electric-scooter-off-road-800w?variant=43067031650495,CPS,$0.00,80%,Run Now
9185,SmallRig - CN,https://www.smallrig.com/list/FUJIFILM-X100VI-X100V.html,CPS,$0.00,80%,Run Now
9184,Clear Credit Loans - US - (Proof Needed),https://clearcreditonline.com/?,CPS,$0.00,80%,Run Now
9173,RewardsFlow iPhone 17 - UK,https://nationalconsumercenter.co.uk/?Flow=DC367020-9794-518D-F168-07333DD6B74545A7CB06&isPrePop=true&RBC=1&lp=testimonial&reward=iphone17testi1000uk,CPA,$0.75,0%,Run Now
9172,RewardsFlow iPhone 17 - AU,https://www.rewardsgiant-au.com/?Flow=CD19AEF7-0787-A6BF-EE87-F6003A5A6E2B4A62F5AC&isPrePop=true&RBC=1&lp=testimonial&reward=iphone17testi1000au,CPA,$0.75,0%,Run Now
9170,RewardsFlow Phone 17 - CA,https://www.rewardsgiantca.com/?Flow=EF8FDE46-5100-2C79-2BD2-D9E9966A39A402406403&isPrePop=true&RBC=1&lp=testimonial&reward=iphone17testi1000ca,CPA,$0.75,0%,Run Now
9169,iPhone 17 Pro Quiz - DE,https://unibody.zauberportal.com/?PR_ID=1087&token-id=102328a404280339a1dba689b7fba5&sub-id=9243&sub-id2=&sub-id3=&sid4=,CPA,$1.20,0%,Run Now
9168,TP-Link Systems Inc. - US,https://store.omadanetworks.com/,CPS,$0.00,80%,Run Now
9167,OPPO - FR,https://opsg-test5www.wanyol.com/fr/product/oppo-half-in-ear-wired-digital-type-c-earphones.P.P1104101,CPS,$0.00,80%,Run Now
9166,TikTok Lite - BR,https://play.google.com/store/apps/details?id=com.zhiliaoapp.musically.go&referrer=af_tranid%3DQ6tlMExnAqV-8oMZBqTmQQ%26af_siteid%3D%7Birpid%7D%26af_dp%3Dsnssdk1340%253A%252F%252F%253Fug_launch_category%253Donelink%2526media_source%253Dttl_pick_affiliate%26af_sub1%3D%7Bclickid%7D%26c%3Dttl_pick_affiliate_retargettest_0714%26pid%3Dttl_pick_affiliate,CPS,$0.00,80%,Run Now
9163,WTC - US - (Proof Needed),https://www.help-injury.com/wtc/?,CPA,$750.00,0%,Run Now
9161,Depo Provera - US - (Proof Needed),https://www.help-injury.com/depo-provera/?,CPA,$900.00,0%,Run Now
9160,Hair Relaxer - US - (Proof Needed),https://help-injury.com/hair-straightener/?,CPA,$750.00,0%,Run Now
9159,MVA - US - (Proof Needed),https://intake.freecaseevaluations.com/injury.php,CPS,$0.00,80%,Run Now
9158,SSDI - US - (Proof Needed),https://intake.freecaseevaluations.com/ssdi.php,CPS,$0.00,80%,Run Now
9143,Doba.Inc - CN,https://www.doba.com/,CPS,$0.00,80%,Run Now
9142,Wegic - HK,https://wegic.ai/,CPS,$0.00,80%,Run Now
9141,Kingbull Electric Bikes - HK,https://app.impact.com/advertiser-advertiser-info/KINGBULL-TECHNOLOGY-CO-LIMITED.brand,CPS,$0.00,80%,Run Now
9140,Baby Deep Sleep - FI,https://babydeepsleep.com/en/collections/all,CPS,$0.00,80%,Run Now
9139,Hieno Affiliate program - FI,https://puzzleready.com/collections/hieno-creative,CPS,$0.00,80%,Run Now
9138,Pure Scentum Affiliate Program - FI,https://www.purescentum.com/collections/all,CPS,$0.00,80%,Run Now
9137,Smile Makers Collection - US,https://smilemakerscollection.com/pages/affiliates,CPS,$0.00,80%,Run Now
9136,Maxi-Cosi - US,https://maxicosi.com/pages/affiliate,CPS,$0.00,80%,Run Now
9135,Best Choice Products - US,https://bestchoiceproducts.com/collections/zero-gravity-series,CPS,$0.00,80%,Run Now
9134,Popilush - US,https://www.popilush.com/,CPS,$0.00,80%,Run Now
9133,$500 7-Eleven - US,https://consumerdigitalsurvey.com/?session_id=dfa012ec94a911f0a11dc6acc67c7d5d&m1=330001&m2=1091362203&m3=27361,CPA,$2.00,0%,Run Now
9132,$500 Shell Gas Gift Card - US,https://buzz-worthy-offers.com/?session_id=dc60420094a911f0b963a4acc67c7d5d&m1=330001&m2=1091362195&m3=30615&m4=b09c600fddc573f117449b3723f23d64,CPA,$2.00,0%,Run Now
9131,$500 Citibank Gift Card - US,https://consumerdigitalsurvey.com/?session_id=d8517fc694a911f0ae21a6acc67c7d5d&m1=330001&m2=1091362187&m3=29596&m4=b09c600fddc573f117449b3723f23d64,CPA,$2.00,0%,Run Now
9130,$100 Subway Gift Card - US,https://consumerdigitalsurvey.com/?session_id=b946c7ae94a811f0a5ca939094bcc7b7&rc=1&m4=b09c600fddc573f117449b3723f23d64&m2=1091362154&m3=29150&m1=330001&src=FX-289339aaa330001_1091362154_29150_adm%3A1835184%3A&config=9631,CPA,$2.00,0%,Run Now
9126,Ram Golf - UK,https://www.ramgolf.co.uk/,CPS,$0.00,80%,Run Now
9125,WinZip - US,https://www.winzip.com/en/company/affiliate/,CPS,$0.00,80%,Run Now
9124,GoMoWorld - IE,https://www.gomoworld.com/,CPS,$0.00,80%,Run Now
9123,DocuSign - DE,https://brand.docusign.com/,CPS,$0.00,80%,Run Now
9121,DHgate - CN,http://www.dhgate.com/,CPS,$0.00,80%,Run Now
9120,CapCut Affiliate Program - SG,https://www.capcut.com/activities/subscribe/,CPS,$0.00,80%,Run Now
9119,Amotopart Fairing Creator Recruitment - HK,https://amotopart.com/pages/creator-recruitment-1,CPS,$0.00,80%,Run Now
9118,JD Sports Indonesia - ID,https://jdsports.id/category/list/offers-22,CPS,$0.00,80%,Run Now
9117,Lenovo - IN,http://www.lenovo.com/in/en/d/deals,CPS,$0.00,80%,Run Now
9116,New Roofing Pros - US - (Proof Needed),https://offers.newroofingpro.com/lp2pub/?adid=9986487,CPA,$22.50,0%,Run Now
9115,Rewards Locker Gas Card $1000 - US,https://5.therewardinglocker.com/index-v4.php?utm_source=S4C_cpa&utm_medium=S4C_cpa&utm_campaign=428&pid=428&cid=238e65b704374e7e8bb41adbe2b66e8d&chk=1&oid=4595&brand=gas&amount=1000,CPA,$1.00,0%,Run Now
9114,Rewards Locker Amazon $500 - US,https://bcd.therewardinglocker.com/?utm_source=S4C_cpa&utm_medium=S4C_cpa&utm_campaign=428&pid=428&cid=f41010e4c9b1440fb9ae69048c5ec057&chk=1&oid=5681&brand=amazon&amount=500&version=v7,CPA,$1.00,0%,Run Now
9112,Barse Jewelry - US,https://www.barse.com/discount/FALL15,CPS,$0.00,80%,Run Now
9111,ResearchOnMobile - Fill Survey For Reward - TW,https://previews.looksquirrel.space/25592.png,CPA,$0.39,0%,Run Now
9110,ResearchOnMobile - Fill Survey For Reward - TH,https://previews.looksquirrel.space/25635.png,CPA,$0.20,0%,Run Now
9109,ResearchOnMobile - Fill Survey For Reward - MY,https://previews.looksquirrel.space/25637.png,CPA,$0.20,0%,Run Now
9108,ResearchOnMobile - Fill Survey For Reward - JP,https://previews.looksquirrel.space/25641.png,CPA,$0.42,0%,Run Now
9107,ResearchOnMobile - Fill Survey For Reward - HK,https://previews.looksquirrel.space/25593.png,CPA,$0.41,0%,Run Now
9106,ResearchOnMobile - Fill Survey For Reward - CN,https://previews.looksquirrel.space/25594.png,CPA,$0.25,0%,Run Now
9105,"World of Warships: New Player Registration - BR,MY,PH,TR",https://promo.worldofwarships.com/glows-34505/na-en/,CPA,$0.27,0%,Run Now
9104,"Pagazani Rewarded Panel - CN,HK,JP",https://www.pagazani.com/,CPA,$0.64,0%,Run Now
9103,"ShutEye®: Sleep Tracker, Sound - SG",https://apps.apple.com/us/app/shuteye-sleep-tracker-sound/id1490078804,CPS,$0.00,80%,Run Now
9102,Me+ Daily Routine Planner - SG,https://apps.apple.com/us/app/me-lifestyle-routine/id1596403446,CPS,$0.00,80%,Run Now
9100,eufyMake - CN,https://www.eufymake.com/,CPS,$0.00,80%,Run Now
9099,Ancheer - HK,https://www.ancheer.shop/,CPS,$0.00,80%,Run Now
9098,$750 Zelle Gift Card - US,https://consumerdigitalsurveys.com/?session_id=bc3f036689b511f09aeddf1a94bcc7b7&m1=724087&m%E2%80%A6,CPA,$1.90,0%,Run Now
9095,PromeAI - HK,https://www.promeai.pro/interior-design-transformation,CPS,$0.00,80%,Run Now
9094,MyStartHealth - US,https://www.mystarthealth.com/wellness/weightloss/2411/o12a/,CPA,$150.00,0%,Run Now
9092,CogniFit - US,https://www.cognifit.com/cognifit/purchase/special-offer/code/christmas?utm_source=enpromotion&utm_medium=impact&utm_campaign=en_happyholidays_b2c_2024&utm_id=december,CPS,$0.00,80%,Run Now
9091,Bailey's CBD For Pets - US,https://baileyscbd.com/,CPS,$0.00,80%,Run Now
9090,Foundr - AU,https://foundr.com/pages/membership,CPS,$0.00,80%,Run Now
9089,TikTok Lite - US,https://play.google.com/store/apps/details?id=com.zhiliaoapp.musically.go&hl=en,CPA,$0.73,0%,Run Now
9088,TikTok - US,https://tiktok.pxf.io/kOQmzL?SubId1=%7Btransaction_id%7D&SharedId=%7Baffiliate_id%7D,CPA,$2.25,0%,Run Now
9087,SoFi - Credit Insights - US,https://refer.sofi.com/c/1194115/1219609/11190,CPA,$2.39,0%,Run Now
9086,"TikiTaka - AT,UK,BE,NL,NO,FI,IT,FR,ES,HU,AU,NZ,HR,SK,SI,QA,KW,SA,GR,CZ",https://tikitaka.com/,CPA,$39.00,0%,Run Now
9085,"CaZeus - AT,BE,CL,HR,CZ,HU,IT,KW,NL,NZ,NO,QA,SA,SK,SI,ES,CH",https://cazeus.com/,CPA,$39.00,0%,Run Now
9078,TruSkin - US,https://truskin.com/collections/products,CPS,$0.00,80%,Run Now
9076,"Titan Transform - Nutra - US,CA,AU,BE,CH,DE,DK,FI,FR,UK,IT,LU,NL,NO,SE,SG",https://warriorrecharge.com/b/report.php?aff_id=23&sessid=sta921756232790&subid2=fa63775ef9854ec29193e706b91c97fc&subid=2&subid3=10813_sessid20250826182646965&subid4=&subid5=&sub5=,CPA,$110.00,0%,Run Now
9075,"Brain Savior - Nutra - US,CA,NZ,AU,UK",https://www.mindboostingtips.com/,CPA,$100.00,0%,Run Now
9074,"Gluco Armor  - Nutra - US,CA,AU,BE,CH,DE,DK,FI,FR,GB,IT,LU,NL,NO,SE,SG",https://glycosafe.com/b/report.php,CPA,$115.00,0%,Run Now
9073,"Tinnitrol MW - Nutra - US,CA,AU,BE,CH,DE,DK,FI,FR,GB,IT,LU,NL,NO,SE,SG",https://audivive.com/b/report.php,CPA,$100.00,0%,Run Now
9072,"Sciaticyl - Nutra - US,CA,UK,IE,AU,NZ",https://www.sciaticasupport.com/pages/ss1/index.php,CPA,$105.00,0%,Run Now
9071,Trimology - Nutra - All Countries,https://trimologyweight.com/?aff_id=23&subid2=11514_sessid2025082616521022&subid=12071,CPA,$90.00,0%,Run Now
9070,Alphacur Sciatica - Nutra - US,https://bg.alphacur.com/vsl/,CPA,$125.00,0%,Run Now
9067,Unicoeye - HK,https://www.unicoeye.com/pages/unwrap-the-magic-of-christmas,CPS,$0.00,80%,Run Now
9066,VEED - UK,https://www.veed.io/pricing,CPS,$0.00,80%,Run Now
9065,Health Insurance Quotes - Fast Free & Easy - US,https://yourinsurancepath.com/health-z/,CPS,$0.00,80%,Run Now
9064,HalloweenCostumes.com - Adult & Kid Costumes - US,https://www.halloweencostumes.com/,CPS,$0.00,80%,Run Now
9063,Halftee - Layering for Every Body - US,https://halftee.com/,CPS,$0.00,80%,Run Now
9062,GunsInternational.com - Gun Classifieds The Easy Way! - US,https://www.gunsinternational.com/sell-guns-online/registration.cfm,CPA,$0.54,0%,Run Now
9061,Groundluxe - Luxurious Organic Grounding Sheets - US,https://groundluxe.com/,CPS,$0.00,80%,Run Now
9060,Grand Patio - Fashion Your Outdoor Experience - US,https://www.grandpatio.com/,CPS,$0.00,80%,Run Now
9059,Trendndaily Win a Gift Card - US - (Push Only),https://2527.efuserassets.com/2527/offers/3458/thumb/giftcard.png,CPA,$1.35,0%,Run Now
9058,Trendndaily Win a 1k$ Cashapp - US - (Push Only),https://2527.efuserassets.com/2527/offers/3457/thumb/csahapp.png,CPA,$1.35,0%,Run Now
9057,Trendndaily 1000$ Walmart - US - (SMS Only),https://2527.efuserassets.com/2527/offers/3709/thumb/walmart.png,CPA,$1.35,0%,Run Now
9056,Trendndaily - Win a Gift Card - US - (Push Only),https://2527.efuserassets.com/2527/offers/3458/thumb/giftcard.png,CPA,$1.35,0%,Run Now
9055,Trendndaily - Win a Gift Box - US - (SMS Only),https://2527.efuserassets.com/2527/offers/3490/thumb/gift.png,CPA,$1.35,0%,Run Now
9054,Trendndaily - Win a Gift Bag - US - (SMS Only),https://2527.efuserassets.com/2527/offers/3491/thumb/bag.png,CPA,$1.35,0%,Run Now
9053,Trendndaily - Visa 500$ - US - (SMS Only),https://2527.efuserassets.com/2527/offers/3708/thumb/visa.png,CPA,$1.35,0%,Run Now
9052,Trendndaily - Samsung S24 - US - (SMS Only),https://2527.efuserassets.com/2527/offers/3690/thumb/sam.png,CPA,$1.35,0%,Run Now
9051,Trendndaily - McDonalds - US - (SMS Only),https://2527.efuserassets.com/2527/offers/3691/thumb/mc.png,CPA,$1.35,0%,Run Now
9050,Trendndaily - iPhone 16 Pro - US - (Social Only),https://2527.efuserassets.com/2527/offers/3336/thumb/Screenshot%202025-01-22%20at%2009.50.43.png,CPA,$1.35,0%,Run Now
9049,Trendndaily - Cashapp $1000 card (Social) - US - (Social Only),https://2527.efuserassets.com/2527/offers/3337/thumb/Screenshot%202025-01-22%20at%2009.59.17.png,CPA,$1.35,0%,Run Now
9048,Trendndaily - 25k Scratch to Win - US - (SMS Only),https://2527.efuserassets.com/2527/offers/3692/thumb/scratch.png,CPA,$1.35,0%,Run Now
9047,freesamplesprousa Get Mystery Box - US,https://2527.efuserassets.com/2527/offers/3351/thumb/Screenshot%202025-01-24%20at%2010.09.02.png,CPA,$0.90,0%,Run Now
9046,freesamplesprousa - Samsung S24 (Choose a phone) - US,https://2527.efuserassets.com/2527/offers/3582/thumb/samsung.png,CPA,$1.35,0%,Run Now
9045,freesamplesprousa - Get Free Gift Bag Box - US,https://2527.efuserassets.com/2527/offers/2867/thumb/freesample.png,CPA,$1.08,0%,Run Now
9044,Crown Coins Responsive - US,https://crowncoinscasino.com/,CPA,$45.00,0%,Run Now
9042,Lexington Law - US,https://www.lexingtonlaw.com/credit-snapshot/suitability-question-1,CPA,$52.50,0%,Run Now
9039,Surfshark Antivirus - All Countries,https://surfshark.com/deal/antivirus?,CPA,$9.00,0%,Run Now
9038,Surfshark VPN - All Countries,https://surfshark.com/deals?,CPA,$9.00,0%,Run Now
9037,ConsumerConnect American Express - US,https://us-amcard1000-tp.lpus.yousweeps.com/#/?,CPA,$1.13,0%,Run Now
9036,Visa PayPal - US,https://2527.efuserassets.com/2527/offers/1811/thumb/visapaypal.png,CPA,$5.40,0%,Run Now
9035,Trendndaily Win a Caribbean Getaway - US - (Social Only),https://2527.efuserassets.com/2527/offers/3827/thumb/caribbean.png,CPA,$1.35,0%,Run Now
9034,Trendndaily - Samsung S24 - US - (Social Only),https://2527.efuserassets.com/2527/offers/3642/thumb/Captura%20de%20Tela%202025-03-18%20a%CC%80s%201.23.28%20PM.png,CPA,$1.35,0%,Run Now
9033,Trendndaily - McDonalds Freebies - US - (Social Only),https://2527.efuserassets.com/2527/offers/3339/thumb/Screenshot%202025-01-22%20at%2010.05.24.png,CPA,$1.35,0%,Run Now
9032,Trendndaily - Cashapp $1000 card - US - (Social Only),https://2527.efuserassets.com/2527/offers/3337/thumb/Screenshot%202025-01-22%20at%2009.59.17.png,CPA,$1.35,0%,Run Now
9031,Trendndaily - $500 Walmart Gift Card - US - (Social Only),https://2527.efuserassets.com/2527/offers/3338/thumb/Screenshot%202025-01-22%20at%2010.02.07.png,CPA,$1.35,0%,Run Now
9030,SweepstakesBucks Win $5000 - US,https://www.sweepstakesbucks.com/international,CPA,$0.63,0%,Run Now
9029,"SweepstakesBucks Win $25,000 - US",https://www.sweepstakesbucks.com/international,CPA,$0.68,0%,Run Now
9028,SweepstakesBucks Win $1000 - US,https://www.sweepstakesbucks.com/international,CPA,$0.63,0%,Run Now
9027,PrizeGrab - Win $150 Domino's Gift Card Box - US,https://2527.efuserassets.com/2527/offers/3085/thumb/dominos.png,CPA,$1.35,0%,Run Now
9026,McDonalds PayPal - US,https://2527.efuserassets.com/2527/offers/1812/thumb/Mdc.png,CPA,$6.00,0%,Run Now
9025,ConsumerConnect iPhone16 - US,https://us-newphoneprooffer.lpus.consumer-connects.com/#/?,CPA,$1.13,0%,Run Now
9024,CocaCola PayPal - US,https://2527.efuserassets.com/2527/offers/1810/thumb/image_2024_06_19T15_10_17_365Z.png,CPA,$6.75,0%,Run Now
9023,CashApp PayPal - US,https://2527.efuserassets.com/2527/offers/1758/thumb/cashappp.png,CPA,$5.40,0%,Run Now
9021,Virgin Experience Days - UK,https://www.virginexperiencedays.co.uk/about,CPS,$0.00,80%,Run Now
9020,Yale Home - US,https://shopyalehome.com/pages/yale-assure-lock-2,CPS,$0.00,80%,Run Now
9019,XSTANCE - US,https://www.thexstance.com/product/xstance-insoles-20/,CPS,$0.00,80%,Run Now
9012,MyRemodelHelper Window - US - (Proof needed),https://home.myremodelhelper.com/windows/,CPA,$12.00,0%,Run Now
9009,Teachersgram.com - CN,https://www.teachersgram.com/pages/about-us,CPS,$0.00,80%,Run Now
9002,Palace Resorts (The Palace Company) - US,https://www.palaceresorts.com/,CPS,$0.00,80%,Run Now
9001,Haverdash: Clothing Rental for Best Looks @ One Flat Rate! - US,https://www.haverdash.com/?tc=T-430258,CPA,$13.50,0%,Run Now
8999,Happy Head - Start Growing Your Hair Back - 50% Off! - US,https://www.happyhead.com/home,CPS,$0.00,80%,Run Now
8998,Hanes.com - US,https://www.hanes.com/,CPS,$0.00,80%,Run Now
8997,Gemini - Buy Sell & Store Crypto - $15 Bonus Offer - First Trade Confirmation - US,https://www.gemini.com/,CPA,$18.38,0%,Run Now
8996,1st Formations - US,https://www.1stformations.co.uk/affiliate-program/,CPS,$0.00,80%,Run Now